family,status,basis,evidence_groups,evidence_files
00 Catalog & Audit,non_font_admin,Administrative catalog folder; not a font family,,
ABC Diatype,restricted_or_trial,"Embedded font metadata or filename explicitly contains a trial, test, demo, or unlicensed marker",ABC Diatype Trial,ABC Diatype/ABCDiatypeTrial-Black.otf
ADLaM Display,open_source,Official Google Fonts open-source catalog: ADLaM Display,,
AF Neue Berlin 1.0.1 [Personal Use],restricted_or_trial,"Explicit trial, personal-use, or unlicensed marker",AF Neue Berlin 1.0.1 [Personal Use],AF Neue Berlin 1.0.1 [Personal Use]/Anagram Foundry Personal Use License Agreement.pdf
AF Sobremesa 1.0.2 [Personal Use],restricted_or_trial,"Explicit trial, personal-use, or unlicensed marker",AF Sobremesa 1.0.2 [Personal Use],AF Sobremesa 1.0.2 [Personal Use]/Anagram Foundry Personal Use License Agreement.pdf
AF TOMMY HILFIGER,legacy_provenance_review,Legacy source-renamed font file with no matched license evidence; confirm its original purchase or source before production use,AF TOMMY HILFIGER,AF TOMMY HILFIGER/AF TOMMY HILFIGER [source-9a6f5938].ttf
AG Buch Condensed BQ,legacy_provenance_review,Legacy source-renamed font file with no matched license evidence; confirm its original purchase or source before production use,AG Buch Condensed BQ,AG Buch Condensed BQ/AGBuchCondensedBQ-LightItalic [source-d4bef3d9].otf
AG Buch Rounded BQ,legacy_provenance_review,Legacy source-renamed font file with no matched license evidence; confirm its original purchase or source before production use,AG Buch Rounded BQ,AG Buch Rounded BQ/AGBuchRoundedBQ-MediumOutline [source-2407f2fb].otf
AG Buch Stencil BQ,legacy_provenance_review,Legacy source-renamed font file with no matched license evidence; confirm its original purchase or source before production use,AG Buch Stencil BQ,AG Buch Stencil BQ/AGBuchStencilBQ-Medium [source-8ac2c193].otf
AG Foreigner Light-Italic,legacy_provenance_review,Legacy source-renamed font file with no matched license evidence; confirm its original purchase or source before production use,AG Foreigner Light-Italic,AG Foreigner Light-Italic/AG Foreigner Light Italic Medium [source-eefa074e].ttf
AG Foreigner Light-Plain,legacy_provenance_review,Legacy source-renamed font file with no matched license evidence; confirm its original purchase or source before production use,AG Foreigner Light-Plain,AG Foreigner Light-Plain/AG Foreigner Light Plain Medium [source-b728c037].ttf
AG Foreigner-Roman,legacy_provenance_review,Legacy source-renamed font file with no matched license evidence; confirm its original purchase or source before production use,AG Foreigner-Roman,AG Foreigner-Roman/AG Foreigner Roman Medium [source-506db5be].ttf
AG Old Face BQ,legacy_provenance_review,Legacy source-renamed font file with no matched license evidence; confirm its original purchase or source before production use,AG Old Face BQ,AG Old Face BQ/AGOldFaceBQ-Shaded [source-2da9daa5].otf
AGLettericaCondensed,legacy_provenance_review,Legacy source-renamed font file with no matched license evidence; confirm its original purchase or source before production use,AGLettericaCondensed,AGLettericaCondensed/AGLettericaCondensed-Oblique [source-7728fdac].otf
AGOpus,legacy_provenance_review,Legacy source-renamed font file with no matched license evidence; confirm its original purchase or source before production use,AGOpus,AGOpus/AGOpus Oblique [source-643ddcdc].ttf
AR One Sans,open_source,Official Google Fonts open-source catalog: AR One Sans,,
ATPacella,legacy_provenance_review,Legacy source-renamed font file with no matched license evidence; confirm its original purchase or source before production use,ATPacella,ATPacella/ATPacella-Black [source-aa0bc494].otf
Aase,legacy_provenance_review,Legacy source-renamed font file with no matched license evidence; confirm its original purchase or source before production use,Aase,Aase/AaseItalic [source-99d50f78].otf
Aaux ProRegular Italic SC,legacy_provenance_review,Legacy source-renamed font file with no matched license evidence; confirm its original purchase or source before production use,Aaux ProRegular Italic SC,Aaux ProRegular Italic SC/Aaux ProRegular Italic SC [source-df7b609c].ttf
Aaux ProThin Italic SC,legacy_provenance_review,Legacy source-renamed font file with no matched license evidence; confirm its original purchase or source before production use,Aaux ProThin Italic SC,Aaux ProThin Italic SC/Aaux ProThin Italic SC [source-c2d408c9].ttf
Abacus Four SSi,legacy_provenance_review,Legacy source-renamed font file with no matched license evidence; confirm its original purchase or source before production use,Abacus Four SSi,Abacus Four SSi/Abacus Four SSi [source-4c9edf71].ttf
Abadi MT Std,legacy_provenance_review,Legacy source-renamed font file with no matched license evidence; confirm its original purchase or source before production use,Abadi MT Std,Abadi MT Std/AbadiMTStd-ExtraBoldIt [source-06a83c3d].otf
AbcFaces,legacy_provenance_review,Legacy source-renamed font file with no matched license evidence; confirm its original purchase or source before production use,AbcFaces,AbcFaces/AbcFaces [source-61c51c2a].ttf
AbcPhonicsOne,legacy_provenance_review,Legacy source-renamed font file with no matched license evidence; confirm its original purchase or source before production use,AbcPhonicsOne,AbcPhonicsOne/AbcPhonicsOne [source-88edd22e].ttf
AbcTeacher,legacy_provenance_review,Legacy source-renamed font file with no matched license evidence; confirm its original purchase or source before production use,AbcTeacher,AbcTeacher/AbcTeacher [source-708512f3].ttf
Aberration,legacy_provenance_review,Legacy source-renamed font file with no matched license evidence; confirm its original purchase or source before production use,Aberration,Aberration/Aberration [source-f2ef502c].ttf
Abhaya Libre,open_source,Official Google Fonts open-source catalog: Abhaya Libre,,
Abhaya Libre ExtraBold,open_source,Official Google Fonts open-source catalog: Abhaya Libre,,
Abhaya Libre Medium,open_source,Official Google Fonts open-source catalog: Abhaya Libre,,
Abhaya Libre SemiBold,open_source,Official Google Fonts open-source catalog: Abhaya Libre,,
Abril Fatface,open_source,Official Google Fonts open-source catalog: Abril Fatface,,
Abscissa,legacy_provenance_review,Legacy source-renamed font file with no matched license evidence; confirm its original purchase or source before production use,Abscissa,Abscissa/Abscissa Italic [source-a7991ff5].ttf
Abuse,legacy_provenance_review,Legacy source-renamed font file with no matched license evidence; confirm its original purchase or source before production use,Abuse,Abuse/Abuse [source-83550ff9].ttf
Abyssinica SIL,open_source,Official Google Fonts open-source catalog: Abyssinica SIL,,
Academiury-ITV,legacy_provenance_review,Legacy source-renamed font file with no matched license evidence; confirm its original purchase or source before production use,Academiury-ITV,Academiury-ITV/Academiury-ITV Italic [source-c8978ad4].ttf
Academy,legacy_provenance_review,Legacy source-renamed font file with no matched license evidence; confirm its original purchase or source before production use,Academy,Academy/Academy Bold [source-2bf18b21].ttf
Accent SF,legacy_provenance_review,Legacy source-renamed font file with no matched license evidence; confirm its original purchase or source before production use,Accent SF,Accent SF/Accent SF [source-fead0bbf].ttf
Ache Extended,legacy_provenance_review,Legacy source-renamed font file with no matched license evidence; confirm its original purchase or source before production use,Ache Extended,Ache Extended/Ache Extended Bold [source-0a9a4dc0].ttf
AchillesBlur,legacy_provenance_review,Legacy source-renamed font file with no matched license evidence; confirm its original purchase or source before production use,AchillesBlur,AchillesBlur/AchillesBlur-Regular [source-0a4f27c4].otf
Acid House,legacy_provenance_review,Legacy source-renamed font file with no matched license evidence; confirm its original purchase or source before production use,Acid House,Acid House/Acid House [source-93cb355a].ttf
Action Jackson,legacy_provenance_review,Legacy source-renamed font file with no matched license evidence; confirm its original purchase or source before production use,Action Jackson,Action Jackson/Action Jackson [source-30422965].ttf
AdLibICG,legacy_provenance_review,Legacy source-renamed font file with no matched license evidence; confirm its original purchase or source before production use,AdLibICG,AdLibICG/AdLibICG [source-00bac28b].otf
Addled,legacy_provenance_review,Legacy source-renamed font file with no matched license evidence; confirm its original purchase or source before production use,Addled,Addled/Addled Regular [source-548cedc8].ttf
AdineKirnberg,legacy_provenance_review,Legacy source-renamed font file with no matched license evidence; confirm its original purchase or source before production use,AdineKirnberg,AdineKirnberg/AdineKirnberg Regular(1) [source-edec6c1c].ttf
Adobe Caslon Pro,legacy_provenance_review,Legacy source-renamed font file with no matched license evidence; confirm its original purchase or source before production use,Adobe Caslon Pro,Adobe Caslon Pro/ACaslonPro-Bold [source-1296daa4].otf
Adobe Garamond Expert,legacy_provenance_review,Legacy source-renamed font file with no matched license evidence; confirm its original purchase or source before production use,Adobe Garamond Expert,Adobe Garamond Expert/AGaramondExp-BoldItalic [source-61ef312a].otf
Adobe Garamond Pro,legacy_provenance_review,Legacy source-renamed font file with no matched license evidence; confirm its original purchase or source before production use,Adobe Garamond Pro,Adobe Garamond Pro/AGaramondPro-BoldItalic [source-cafd2cb6].otf
Adobe Jenson Pro,legacy_provenance_review,Legacy source-renamed font file with no matched license evidence; confirm its original purchase or source before production use,Adobe Jenson Pro,Adobe Jenson Pro/AJensonPro-Bold [source-c138f22c].otf
Advent Pro,open_source,Official Google Fonts open-source catalog: Advent Pro,,
Advert,legacy_provenance_review,Legacy source-renamed font file with no matched license evidence; confirm its original purchase or source before production use,Advert,Advert/Advert Italic [source-53e1a080].ttf
Advisor SSi,legacy_provenance_review,Legacy source-renamed font file with no matched license evidence; confirm its original purchase or source before production use,Advisor SSi,Advisor SSi/Advisor SSi [source-5e2fb74a].ttf
Aeos Operating,legacy_provenance_review,Legacy source-renamed font file with no matched license evidence; confirm its original purchase or source before production use,Aeos Operating,Aeos Operating/AeosOperating [source-2f0bf260].otf
Afacad Flux,open_source,Official Google Fonts open-source catalog: Afacad Flux,,
Agenda LightCondensed,legacy_provenance_review,Legacy source-renamed font file with no matched license evidence; confirm its original purchase or source before production use,Agenda LightCondensed,Agenda LightCondensed/Agenda-LightCondensed [source-12ebb74b].otf
Agendatype,legacy_provenance_review,Legacy source-renamed font file with no matched license evidence; confirm its original purchase or source before production use,Agendatype,Agendatype/Agendatype-BoldItalic [source-2f9c31f3].otf
AgfaRotisSansSerifLight,legacy_provenance_review,Legacy source-renamed font file with no matched license evidence; confirm its original purchase or source before production use,AgfaRotisSansSerifLight,AgfaRotisSansSerifLight/AgfaRotisSansSerifLight-Italic [source-2791bb01].otf
AgfaRotisSemiSerif,legacy_provenance_review,Legacy source-renamed font file with no matched license evidence; confirm its original purchase or source before production use,AgfaRotisSemiSerif,AgfaRotisSemiSerif/AgfaRotisSemiSerif-Bold [source-86130a21].otf
AgfaRotisSemisans,legacy_provenance_review,Legacy source-renamed font file with no matched license evidence; confirm its original purchase or source before production use,AgfaRotisSemisans,AgfaRotisSemisans/AgfaRotisSemisans-Italic [source-cf86d6be].otf
Agu Display,open_source,Official Google Fonts open-source catalog: Agu Display,,
Aguafina Script,open_source,Official Google Fonts open-source catalog: Aguafina Script,,
Aida,legacy_provenance_review,Legacy source-renamed font file with no matched license evidence; confirm its original purchase or source before production use,Aida,Aida/AidaOops [source-ce9cf0ba].ttf
Ainsdale,legacy_provenance_review,Legacy source-renamed font file with no matched license evidence; confirm its original purchase or source before production use,Ainsdale,Ainsdale/Ainsdale-BoldItalic [source-9915f01e].otf
Airbrake,legacy_provenance_review,Legacy source-renamed font file with no matched license evidence; confirm its original purchase or source before production use,Airbrake,Airbrake/Airbrake [source-87950530].ttf
Akaya Kanadaka,open_source,Official Google Fonts open-source catalog: Akaya Kanadaka,,
Akaya Telivigala,open_source,Official Google Fonts open-source catalog: Akaya Telivigala,,
AkronBoldCondensed,legacy_provenance_review,Legacy source-renamed font file with no matched license evidence; confirm its original purchase or source before production use,AkronBoldCondensed,AkronBoldCondensed/AkronBoldCondensed [source-99051a7e].otf
Akzidenz-Grotesk BQ,legacy_provenance_review,Legacy source-renamed font file with no matched license evidence; confirm its original purchase or source before production use,Akzidenz-Grotesk BQ,Akzidenz-Grotesk BQ/AkzidenzGroteskBQ-Super [source-a3f03d3d].otf
Alan Sans,open_source,Official Google Fonts open-source catalog: Alan Sans,,
Albert Sans,open_source,Official Google Fonts open-source catalog: Albert Sans,,
Albertina MT Std,legacy_provenance_review,Legacy source-renamed font file with no matched license evidence; confirm its original purchase or source before production use,Albertina MT Std,Albertina MT Std/AlbertinaMTStd-Bold [source-0b994f9a].otf
AlcuinEF,legacy_provenance_review,Legacy source-renamed font file with no matched license evidence; confirm its original purchase or source before production use,AlcuinEF,AlcuinEF/AlcuinEF-Bold [source-4598ec9f].otf
Aldine 721 Light,legacy_provenance_review,Legacy source-renamed font file with no matched license evidence; confirm its original purchase or source before production use,Aldine 721 Light,Aldine 721 Light/Aldine721BT-LightItalic [source-0937495b].otf
Aldine721 BT,legacy_provenance_review,Legacy source-renamed font file with no matched license evidence; confirm its original purchase or source before production use,Aldine721 BT,Aldine721 BT/Aldine 721 Italic BT [source-327e8084].ttf
AldridgeScriptSSK,legacy_provenance_review,Legacy source-renamed font file with no matched license evidence; confirm its original purchase or source before production use,AldridgeScriptSSK,AldridgeScriptSSK/AldridgeScriptSSK Bold [source-5ee9f33c].ttf
Aldus BQ,legacy_provenance_review,Legacy source-renamed font file with no matched license evidence; confirm its original purchase or source before production use,Aldus BQ,Aldus BQ/AldusBQ-Roman [source-b56dd505].otf
Alegreya SC,open_source,Official Google Fonts open-source catalog: Alegreya SC,,
Alegreya Sans,open_source,Official Google Fonts open-source catalog: Alegreya Sans,,
Alegreya Sans SC,open_source,Official Google Fonts open-source catalog: Alegreya Sans SC,,
Aleksei Disturbed,legacy_provenance_review,Legacy source-renamed font file with no matched license evidence; confirm its original purchase or source before production use,Aleksei Disturbed,Aleksei Disturbed/Aleksei-Disturbed [source-2e976209].otf
Alex Brush,open_source,Official Google Fonts open-source catalog: Alex Brush,,
AlexonLightTab,legacy_provenance_review,Legacy source-renamed font file with no matched license evidence; confirm its original purchase or source before production use,AlexonLightTab,AlexonLightTab/AlexonLightTab [source-b49323a8].otf
Alfa Slab One,open_source,Official Google Fonts open-source catalog: Alfa Slab One,,
Alien Block,open_source,Official Google Fonts open-source catalog: Alien Block,,
Alike Angular,open_source,Official Google Fonts open-source catalog: Alike Angular,,
All Hearts,legacy_provenance_review,Legacy source-renamed font file with no matched license evidence; confirm its original purchase or source before production use,All Hearts,All Hearts/All Hearts [source-03e51c73].ttf
Allerta Stencil,open_source,Official Google Fonts open-source catalog: Allerta Stencil,,
Almendra Display,open_source,Official Google Fonts open-source catalog: Almendra Display,,
Almendra SC,open_source,Official Google Fonts open-source catalog: Almendra SC,,
Alor,legacy_provenance_review,Legacy source-renamed font file with no matched license evidence; confirm its original purchase or source before production use,Alor,Alor/Alor Bold [source-306aac19].ttf
Alor Narrow Condensed,legacy_provenance_review,Legacy source-renamed font file with no matched license evidence; confirm its original purchase or source before production use,Alor Narrow Condensed,Alor Narrow Condensed/Alor Narrow Condensed Bold [source-869915b5].ttf
Alpha Bravo,legacy_provenance_review,Legacy source-renamed font file with no matched license evidence; confirm its original purchase or source before production use,Alpha Bravo,Alpha Bravo/Alpha Bravo [source-210ce22c].ttf
Alpha Dance,legacy_provenance_review,Legacy source-renamed font file with no matched license evidence; confirm its original purchase or source before production use,Alpha Dance,Alpha Dance/Alpha Dance [source-2bc0d187].ttf
Alphastep,legacy_provenance_review,Legacy source-renamed font file with no matched license evidence; confirm its original purchase or source before production use,Alphastep,Alphastep/Alphastep [source-97bd09c3].ttf
Alphastep i version,legacy_provenance_review,Legacy source-renamed font file with no matched license evidence; confirm its original purchase or source before production use,Alphastep  i version,Alphastep i version/Alphastep  i version [source-ea829be3].ttf
Alte Schwabacher D,legacy_provenance_review,Legacy source-renamed font file with no matched license evidence; confirm its original purchase or source before production use,Alte Schwabacher D,Alte Schwabacher D/AlteSchD [source-937f6a48].otf
Altemus CutsTwo,legacy_provenance_review,Legacy source-renamed font file with no matched license evidence; confirm its original purchase or source before production use,Altemus CutsTwo,Altemus CutsTwo/AltemusCutsTwo [source-c27365ae].otf
Altemus Pointers,legacy_provenance_review,Legacy source-renamed font file with no matched license evidence; confirm its original purchase or source before production use,Altemus Pointers,Altemus Pointers/AltemusPointers [source-9d68f66f].otf
Alumni Sans,open_source,Official Google Fonts open-source catalog: Alumni Sans,,
Alumni Sans Collegiate One,open_source,Official Google Fonts open-source catalog: Alumni Sans Collegiate One,,
Alumni Sans Inline One,open_source,Official Google Fonts open-source catalog: Alumni Sans Inline One,,
Alumni Sans Pinstripe,open_source,Official Google Fonts open-source catalog: Alumni Sans Pinstripe,,
Alumni Sans SC,open_source,Official Google Fonts open-source catalog: Alumni Sans SC,,
AlyssaOpti,legacy_provenance_review,Legacy source-renamed font file with no matched license evidence; confirm its original purchase or source before production use,AlyssaOpti,AlyssaOpti/AlyssaOpti-Bold [source-6426b41e].otf
AmTypEFLigIta,legacy_provenance_review,Legacy source-renamed font file with no matched license evidence; confirm its original purchase or source before production use,AmTypEFLigIta,AmTypEFLigIta/AmTypEFLigIta [source-38867bb1].otf
AmTypewriterEF MedCond,legacy_provenance_review,Legacy source-renamed font file with no matched license evidence; confirm its original purchase or source before production use,AmTypewriterEF MedCond,AmTypewriterEF MedCond/AmTypewriterEF-MedCond [source-c1f6e88a].otf
AmTypewriterITC,legacy_provenance_review,Legacy source-renamed font file with no matched license evidence; confirm its original purchase or source before production use,AmTypewriterITC,AmTypewriterITC/AmTypewriterITC-Light [source-7d1fa67e].ttf
Amasis MT Std,legacy_provenance_review,Legacy source-renamed font file with no matched license evidence; confirm its original purchase or source before production use,Amasis MT Std,Amasis MT Std/AmasisMTStd-Italic [source-91a243d8].otf
Amatic SC,open_source,Official Google Fonts open-source catalog: Amatic SC,,
AmbienteScriptSSK,legacy_provenance_review,Legacy source-renamed font file with no matched license evidence; confirm its original purchase or source before production use,AmbienteScriptSSK,AmbienteScriptSSK/AmbienteScriptSSK [source-0a37d23d].ttf
Ambroise Francois,legacy_provenance_review,Legacy source-renamed font file with no matched license evidence; confirm its original purchase or source before production use,Ambroise Francois,Ambroise Francois/AmbroiseFrancois-Regular [source-0468abb6].otf
Ambrosius Aurelianus,legacy_provenance_review,Legacy source-renamed font file with no matched license evidence; confirm its original purchase or source before production use,Ambrosius Aurelianus,Ambrosius Aurelianus/Ambrosius Aurelianus [source-c3a9bc74].ttf
Ameretto Thin,legacy_provenance_review,Legacy source-renamed font file with no matched license evidence; confirm its original purchase or source before production use,Ameretto Thin,Ameretto Thin/Ameretto Thin Italic [source-46c80846].ttf
AmeriGarmnd BT,legacy_provenance_review,Legacy source-renamed font file with no matched license evidence; confirm its original purchase or source before production use,AmeriGarmnd BT,AmeriGarmnd BT/AmeriGarmnd BT Bold Italic [source-672b4254].ttf
American Grotesk,restricted_or_trial,"Embedded font metadata or filename explicitly contains a trial, test, demo, or unlicensed marker",Test American Grotesk,American Grotesk/TestAmericanGrotesk-Black.otf
American UncialInitialsOpen,legacy_provenance_review,Legacy source-renamed font file with no matched license evidence; confirm its original purchase or source before production use,American UncialInitialsOpen,American UncialInitialsOpen/AmericanUncialInitialsOpen [source-303a02de].otf
American UncialOpen,legacy_provenance_review,Legacy source-renamed font file with no matched license evidence; confirm its original purchase or source before production use,American UncialOpen,American UncialOpen/AmericanUncialOpen [source-38489f73].otf
AmericanCheese,legacy_provenance_review,Legacy source-renamed font file with no matched license evidence; confirm its original purchase or source before production use,AmericanCheese,AmericanCheese/AmericanCheese [source-5ae725c8].ttf
AmericanTypewriterCondensedBQ,legacy_provenance_review,Legacy source-renamed font file with no matched license evidence; confirm its original purchase or source before production use,AmericanTypewriterCondensedBQ,AmericanTypewriterCondensedBQ/AmericanTypewriterConBQ-Bold [source-b1b842d5].otf
Amery,legacy_provenance_review,Legacy source-renamed font file with no matched license evidence; confirm its original purchase or source before production use,Amery,Amery/Amery BoldItalic [source-4cd0cf3d].ttf
AmintaMedium,legacy_provenance_review,Legacy source-renamed font file with no matched license evidence; confirm its original purchase or source before production use,AmintaMedium,AmintaMedium/AmintaMedium [source-e3ea5ec9].ttf
Amiri Quran,open_source,Official Google Fonts open-source catalog: Amiri Quran,,
Amoeba,legacy_provenance_review,Legacy source-renamed font file with no matched license evidence; confirm its original purchase or source before production use,Amoeba,Amoeba/Amoeba-Regular [source-110b9b80].otf
Amped For Evil,legacy_provenance_review,Legacy source-renamed font file with no matched license evidence; confirm its original purchase or source before production use,Amped For Evil,Amped For Evil/Amped For Evil [source-20a45617].ttf
AmplitudeComp-Bold,legacy_provenance_review,Legacy source-renamed font file with no matched license evidence; confirm its original purchase or source before production use,AmplitudeComp-Bold,AmplitudeComp-Bold/AmplitudeComp-Bold [source-2d6bcfa9].ttf
Ampoule,legacy_provenance_review,Legacy source-renamed font file with no matched license evidence; confirm its original purchase or source before production use,Ampoule,Ampoule/Ampoule Heavy [source-80d6452a].ttf
Amulet,legacy_provenance_review,Legacy source-renamed font file with no matched license evidence; confirm its original purchase or source before production use,Amulet,Amulet/Amulet [source-68a2a264].ttf
Ancizar Sans,open_source,Official Google Fonts open-source catalog: Ancizar Sans,,
Ancizar Serif,open_source,Official Google Fonts open-source catalog: Ancizar Serif,,
Andada Pro,open_source,Official Google Fonts open-source catalog: Andada Pro,,
Anek Latin Condensed,vendor_entitlement_review,"Identifiable vendor or foundry metadata exists, but no matched license record establishes current entitlement",Anek Latin,Anek Latin Condensed/anek-latin-100.ttf
Angie SmallCaps,legacy_provenance_review,Legacy source-renamed font file with no matched license evidence; confirm its original purchase or source before production use,Angie SmallCaps,Angie SmallCaps/Angie-SmallCaps [source-ca1e2eae].otf
AnnaLightC,legacy_provenance_review,Legacy source-renamed font file with no matched license evidence; confirm its original purchase or source before production use,AnnaLightC,AnnaLightC/AnnaLightC [source-d88a2404].otf
Annapurna SIL,open_source,Official Google Fonts open-source catalog: Annapurna SIL,,
Annie Use Your Telescope,open_source,Official Google Fonts open-source catalog: Annie Use Your Telescope,,
Anonymous Pro,open_source,Official Google Fonts open-source catalog: Anonymous Pro,,
Antic Didone,open_source,Official Google Fonts open-source catalog: Antic Didone,,
Antic Slab,open_source,Official Google Fonts open-source catalog: Antic Slab,,
Antiqua Light SSi,legacy_provenance_review,Legacy source-renamed font file with no matched license evidence; confirm its original purchase or source before production use,Antiqua Light SSi,Antiqua Light SSi/Antiqua Light SSi Light [source-6c210cbe].ttf
Antique Olive T Compact,legacy_provenance_review,Legacy source-renamed font file with no matched license evidence; confirm its original purchase or source before production use,Antique Olive T Compact,Antique Olive T Compact/AntiqueOliT-Comp [source-4b04a356].otf
AntiqueOlive,legacy_provenance_review,Legacy source-renamed font file with no matched license evidence; confirm its original purchase or source before production use,AntiqueOlive,AntiqueOlive/AntiqueOlive-Black [source-868a63ef].otf
Anton SC,open_source,Official Google Fonts open-source catalog: Anton SC,,
AntsyPants,legacy_provenance_review,Legacy source-renamed font file with no matched license evidence; confirm its original purchase or source before production use,AntsyPants,AntsyPants/AntsyPants [source-3bc6cc27].ttf
Aoboshi One,open_source,Official Google Fonts open-source catalog: Aoboshi One,,
Apex New,legacy_provenance_review,Legacy source-renamed font file with no matched license evidence; confirm its original purchase or source before production use,Apex New,Apex New/ApexNew-BoldItalic [source-ee67fb06].otf
Apple Garamond,legacy_provenance_review,Legacy source-renamed font file with no matched license evidence; confirm its original purchase or source before production use,Apple Garamond,Apple Garamond/Apple Garamond Bold Italic [source-5a7ed3e8].ttf
Apple Garamond Light,legacy_provenance_review,Legacy source-renamed font file with no matched license evidence; confirm its original purchase or source before production use,Apple Garamond Light,Apple Garamond Light/AppleGaramond-LightItalic [source-536ed7e1].otf
AquilliaComicHa,legacy_provenance_review,Legacy source-renamed font file with no matched license evidence; confirm its original purchase or source before production use,AquilliaComicHa,AquilliaComicHa/AquilliaComicHa [source-7547d037].ttf
Arbutus Slab,open_source,Official Google Fonts open-source catalog: Arbutus Slab,,
Arcade Classic,legacy_provenance_review,Legacy source-renamed font file with no matched license evidence; confirm its original purchase or source before production use,Arcade Classic,Arcade Classic/Arcade Classic [source-9d3a8153].ttf
ArcadeAmerica,legacy_provenance_review,Legacy source-renamed font file with no matched license evidence; confirm its original purchase or source before production use,ArcadeAmerica,ArcadeAmerica/ArcadeAmerica [source-f549833f].ttf
Archangel Body,legacy_provenance_review,Legacy source-renamed font file with no matched license evidence; confirm its original purchase or source before production use,Archangel Body,Archangel Body/Archangel-Body [source-2dc29389].otf
Architects Daughter,open_source,Official Google Fonts open-source catalog: Architects Daughter,,
Archivo,open_source,Official Google Fonts open-source catalog: Archivo,,
Archivo Black,open_source,Official Google Fonts open-source catalog: Archivo Black,,
Archivo Narrow,open_source,Official Google Fonts open-source catalog: Archivo Narrow,,
Ardagh,legacy_provenance_review,Legacy source-renamed font file with no matched license evidence; confirm its original purchase or source before production use,Ardagh,Ardagh/Ardagh [source-6f6aa2e7].ttf
Are You Serious,open_source,Official Google Fonts open-source catalog: Are You Serious,,
Aref Ruqaa,open_source,Official Google Fonts open-source catalog: Aref Ruqaa,,
Aref Ruqaa Ink,open_source,Official Google Fonts open-source catalog: Aref Ruqaa Ink,,
Argenta,legacy_provenance_review,Legacy source-renamed font file with no matched license evidence; confirm its original purchase or source before production use,Argenta,Argenta/Argenta [source-577a5d6b].ttf
Argentum Black,legacy_provenance_review,Legacy source-renamed font file with no matched license evidence; confirm its original purchase or source before production use,Argentum Black,Argentum Black/ArgentumBlack [source-1713355e].otf
Arial,legacy_provenance_review,Legacy source-renamed font file with no matched license evidence; confirm its original purchase or source before production use,Arial,Arial/Arial Bold [source-9158f283].ttf
Arial MT Std,legacy_provenance_review,Legacy source-renamed font file with no matched license evidence; confirm its original purchase or source before production use,Arial MT Std,Arial MT Std/ArialMTStd-BoldCond [source-8420c396].otf
Arizona,restricted_or_trial,Dinamo documentation identifies the included variable font as a trial and directs the user to purchase a license,Arizona,Arizona/about-dinamo-variable-fonts.txt
Army Hollow,legacy_provenance_review,Legacy source-renamed font file with no matched license evidence; confirm its original purchase or source before production use,Army Hollow,Army Hollow/Army Hollow [source-ef49e0da].ttf
Arrow,legacy_provenance_review,Legacy source-renamed font file with no matched license evidence; confirm its original purchase or source before production use,Arrow,Arrow/Arrow Regular [source-3b8a3bb9].ttf
Arrow Font,legacy_provenance_review,Legacy source-renamed font file with no matched license evidence; confirm its original purchase or source before production use,Arrow Font,Arrow Font/ArrowFont [source-3a8da9f5].otf
Arrr Matey BB,legacy_provenance_review,Legacy source-renamed font file with no matched license evidence; confirm its original purchase or source before production use,Arrr Matey BB,Arrr Matey BB/Arrr Matey BB [source-cbeed25f].ttf
Arsenal SC,open_source,Official Google Fonts open-source catalog: Arsenal SC,,
Art-Nouveau 1900,legacy_provenance_review,Legacy source-renamed font file with no matched license evidence; confirm its original purchase or source before production use,Art-Nouveau 1900,Art-Nouveau 1900/Art-Nouveau 1900 [source-7acf97a8].ttf
Arta Std,legacy_provenance_review,Legacy source-renamed font file with no matched license evidence; confirm its original purchase or source before production use,Arta Std,Arta Std/ArtaStd-Bold [source-7fbf878f].otf
Arthemys Display TRIAL,restricted_or_trial,"Explicit trial, personal-use, or unlicensed marker",Arthemys Display TRIAL,Arthemys Display TRIAL/END-USER-LICENSE-AGREEMENT.pdf
Arthur,legacy_provenance_review,Legacy source-renamed font file with no matched license evidence; confirm its original purchase or source before production use,Arthur,Arthur/Arthur [source-f9b2b127].otf
As seen on TV Skew,legacy_provenance_review,Legacy source-renamed font file with no matched license evidence; confirm its original purchase or source before production use,As seen on TV Skew,As seen on TV Skew/As seen on TV Skew [source-db718470].ttf
Asfalt,restricted_or_trial,Dinamo documentation identifies the included variable font as a trial and directs the user to purchase a license,Asfalt,Asfalt/about-dinamo-variable-fonts.txt
AsianWallpainting,legacy_provenance_review,Legacy source-renamed font file with no matched license evidence; confirm its original purchase or source before production use,AsianWallpainting,AsianWallpainting/AsianWallpainting [source-5b2d920f].ttf
Aspastic,legacy_provenance_review,Legacy source-renamed font file with no matched license evidence; confirm its original purchase or source before production use,Aspastic,Aspastic/Aspastic  [source-2ed5675c].ttf
Asta Sans,open_source,Official Google Fonts open-source catalog: Asta Sans,,
Astalamet,legacy_provenance_review,Legacy source-renamed font file with no matched license evidence; confirm its original purchase or source before production use,Astalamet,Astalamet/Astalamet [source-3a177986].ttf
Astro-SemiBold,legacy_provenance_review,Legacy source-renamed font file with no matched license evidence; confirm its original purchase or source before production use,Astro-SemiBold,Astro-SemiBold/Astro-SemiBold [source-9e00ccd8].ttf
Astute SSi,legacy_provenance_review,Legacy source-renamed font file with no matched license evidence; confirm its original purchase or source before production use,Astute SSi,Astute SSi/Astute SSi Bold Italic [source-5ffe8e80].ttf
Atarax P,legacy_provenance_review,Legacy source-renamed font file with no matched license evidence; confirm its original purchase or source before production use,atarax-p,Atarax P/atarax-p [source-05fc455c].ttf
Atilla,legacy_provenance_review,Legacy source-renamed font file with no matched license evidence; confirm its original purchase or source before production use,Atilla,Atilla/Atilla Italic [source-f4c25b06].ttf
Atilla Thin,legacy_provenance_review,Legacy source-renamed font file with no matched license evidence; confirm its original purchase or source before production use,Atilla Thin,Atilla Thin/Atilla Thin Normal [source-8c68a8b0].ttf
Atkinson Hyperlegible,open_source,Official Google Fonts open-source catalog: Atkinson Hyperlegible,,
Atkinson Hyperlegible Mono,open_source,Official Google Fonts open-source catalog: Atkinson Hyperlegible Mono,,
Atkinson Hyperlegible Next,open_source,Official Google Fonts open-source catalog: Atkinson Hyperlegible Next,,
Atlantix Display SSi,legacy_provenance_review,Legacy source-renamed font file with no matched license evidence; confirm its original purchase or source before production use,Atlantix Display SSi,Atlantix Display SSi/Atlantix Display SSi Display Italic [source-ebac6261].ttf
Atlantix SSi,legacy_provenance_review,Legacy source-renamed font file with no matched license evidence; confirm its original purchase or source before production use,Atlantix SSi,Atlantix SSi/Atlantix SSi Semi Bold Italic [source-0dabffc6].ttf
Atleigh Regular Free,restricted_or_trial,EULA permits personal projects only; a commercial license is required for client or commercial work,Atleigh Regular Free,Atleigh Regular Free/Atleigh EULA.pdf
Atomic Age,open_source,Official Google Fonts open-source catalog: Atomic Age,,
Augusta Schnurkl Std,legacy_provenance_review,Legacy source-renamed font file with no matched license evidence; confirm its original purchase or source before production use,Augusta Schnurkl Std,Augusta Schnurkl Std/AugustaSchnurklStd-Reg [source-f119704c].otf
AureliaEF-LightItalic,legacy_provenance_review,Legacy source-renamed font file with no matched license evidence; confirm its original purchase or source before production use,AureliaEF-LightItalic,AureliaEF-LightItalic/AureliaEF-LightItalic [source-a04f210f].otf
Austere SSi,legacy_provenance_review,Legacy source-renamed font file with no matched license evidence; confirm its original purchase or source before production use,Austere SSi,Austere SSi/Austere SSi Bold [source-c6ea71c6].ttf
Auto 2,legacy_provenance_review,Legacy source-renamed font file with no matched license evidence; confirm its original purchase or source before production use,Auto 2,Auto 2/Auto2-BlackItalic [source-e5aca032].ttf
Auto 2 LF,legacy_provenance_review,Legacy source-renamed font file with no matched license evidence; confirm its original purchase or source before production use,Auto 2 LF,Auto 2 LF/Auto2-RegularLF [source-ce6f116c].ttf
Auto 2 SmCp,legacy_provenance_review,Legacy source-renamed font file with no matched license evidence; confirm its original purchase or source before production use,Auto 2 SmCp,Auto 2 SmCp/Auto2-ItalicSmCp [source-db22fb12].ttf
Auto 3,legacy_provenance_review,Legacy source-renamed font file with no matched license evidence; confirm its original purchase or source before production use,Auto 3,Auto 3/Auto3-Black [source-120d9572].ttf
Auto 3 Lt,legacy_provenance_review,Legacy source-renamed font file with no matched license evidence; confirm its original purchase or source before production use,Auto 3 Lt,Auto 3 Lt/Auto3-LightItalic [source-3154f895].ttf
Auto SuggestionPlain,legacy_provenance_review,Legacy source-renamed font file with no matched license evidence; confirm its original purchase or source before production use,Auto SuggestionPlain,Auto SuggestionPlain/AutoSuggestionPlain [source-adf2deab].otf
Automaton Caps SSi,legacy_provenance_review,Legacy source-renamed font file with no matched license evidence; confirm its original purchase or source before production use,Automaton Caps SSi,Automaton Caps SSi/Automaton Caps SSi [source-fc0dca53].ttf
Autorama,legacy_provenance_review,Legacy source-renamed font file with no matched license evidence; confirm its original purchase or source before production use,Autorama,Autorama/Autorama [source-c0d82974].otf
Autotrace Five,legacy_provenance_review,Legacy source-renamed font file with no matched license evidence; confirm its original purchase or source before production use,Autotrace Five,Autotrace Five/Autotrace-Five [source-6ad23ce7].otf
Autour One,open_source,Official Google Fonts open-source catalog: Autour One,,
AvalonURWTMed,legacy_provenance_review,Legacy source-renamed font file with no matched license evidence; confirm its original purchase or source before production use,AvalonURWTMed,AvalonURWTMed/AvalonURWTMed [source-fcdf2398].ttf
AvantGardeExtLitITC,legacy_provenance_review,Legacy source-renamed font file with no matched license evidence; confirm its original purchase or source before production use,AvantGardeExtLitITC,AvantGardeExtLitITC/AvantGardeExtLitITC-Oblique [source-68e1f82e].otf
Avenir,legacy_provenance_review,Legacy source-renamed font file with no matched license evidence; confirm its original purchase or source before production use,Avenir,Avenir/Avenir-Roman [source-e6c11f79].otf
Avenir LT 65 Medium,legacy_provenance_review,Legacy source-renamed font file with no matched license evidence; confirm its original purchase or source before production use,Avenir LT 65 Medium,Avenir LT 65 Medium/Avenir LT 95 Black [source-f027a030].ttf
Average Sans,open_source,Official Google Fonts open-source catalog: Average Sans,,
Averia Gruesa Libre,open_source,Official Google Fonts open-source catalog: Averia Gruesa Libre,,
Averia Libre,open_source,Official Google Fonts open-source catalog: Averia Libre,,
Averia Sans Libre,open_source,Official Google Fonts open-source catalog: Averia Sans Libre,,
Averia Serif Libre,open_source,Official Google Fonts open-source catalog: Averia Serif Libre,,
Azeret Mono,open_source,Official Google Fonts open-source catalog: Azeret Mono,,
B612 Mono,open_source,Official Google Fonts open-source catalog: B612 Mono,,
BBH Bartle,open_source,Official Google Fonts open-source catalog: BBH Bartle,,
BBH Bogle,open_source,Official Google Fonts open-source catalog: BBH Bogle,,
BBH Hegarty,open_source,Official Google Fonts open-source catalog: BBH Hegarty,,
BDO Grotesk,provenance_unknown,No matched license evidence; embedded metadata does not establish production rights,,BDO Grotesk/BDOGrotesk-Black.woff2
BIZ UDGothic,open_source,Official Google Fonts open-source catalog: BIZ UDGothic,,
BIZ UDMincho,open_source,Official Google Fonts open-source catalog: BIZ UDMincho,,
BIZ UDPGothic,open_source,Official Google Fonts open-source catalog: BIZ UDPGothic,,
BIZ UDPMincho,open_source,Official Google Fonts open-source catalog: BIZ UDPMincho,,
Bacasime Antique,open_source,Official Google Fonts open-source catalog: Bacasime Antique,,
Bad Script,open_source,Official Google Fonts open-source catalog: Bad Script,,
Badeen Display,open_source,Official Google Fonts open-source catalog: Badeen Display,,
Bagel Fat One,open_source,Official Google Fonts open-source catalog: Bagel Fat One,,
Bai Jamjuree,open_source,Official Google Fonts open-source catalog: Bai Jamjuree,,
Bakbak One,open_source,Official Google Fonts open-source catalog: Bakbak One,,
Baloo 2,open_source,Official Google Fonts open-source catalog: Baloo 2,,
Balsamiq Sans,open_source,Official Google Fonts open-source catalog: Balsamiq Sans,,
Bandit Trial,restricted_or_trial,"Explicit trial, personal-use, or unlicensed marker",,
Barlow Condensed,open_source,Official Google Fonts open-source catalog: Barlow Condensed,,
Barlow Semi Condensed,open_source,Official Google Fonts open-source catalog: Barlow Semi Condensed,,
Baskervville SC,open_source,Official Google Fonts open-source catalog: Baskervville SC,,
Be Vietnam Pro,open_source,Official Google Fonts open-source catalog: Be Vietnam Pro,,
Beau Rivage,open_source,Official Google Fonts open-source catalog: Beau Rivage,,
Bebas Neue,open_source,Official Google Fonts open-source catalog: Bebas Neue,,
Bellota Text,open_source,Official Google Fonts open-source catalog: Bellota Text,,
Benton Sans,vendor_entitlement_review,"Identifiable vendor or foundry metadata exists, but no matched license record establishes current entitlement",BentonSans,Benton Sans/BentonSans-Regular.ttf
Berkshire Swash,open_source,Official Google Fonts open-source catalog: Berkshire Swash,,
Bernhard Modern Std,legacy_provenance_review,Legacy source-renamed font file with no matched license evidence; confirm its original purchase or source before production use,Bernhard Modern Std,Bernhard Modern Std/BernhardModernStd-Bold [source-eeffc77d].otf
Betania Patmos,open_source,Official Google Fonts open-source catalog: Betania Patmos,,
Betania Patmos GDL,open_source,Official Google Fonts open-source catalog: Betania Patmos GDL,,
Betania Patmos In,open_source,Official Google Fonts open-source catalog: Betania Patmos In,,
Betania Patmos In GDL,open_source,Official Google Fonts open-source catalog: Betania Patmos In GDL,,
Beth Ellen,open_source,Official Google Fonts open-source catalog: Beth Ellen,,
BhuTuka Expanded One,open_source,Official Google Fonts open-source catalog: BhuTuka Expanded One,,
Big Shoulders,open_source,Official Google Fonts open-source catalog: Big Shoulders,,
Big Shoulders 18pt,open_source,Official Google Fonts open-source catalog: Big Shoulders,,
Big Shoulders 24pt,open_source,Official Google Fonts open-source catalog: Big Shoulders,,
Big Shoulders 36pt,open_source,Official Google Fonts open-source catalog: Big Shoulders,,
Big Shoulders 60pt,open_source,Official Google Fonts open-source catalog: Big Shoulders,,
Big Shoulders Inline,open_source,Official Google Fonts open-source catalog: Big Shoulders Inline,,
Big Shoulders Inline 18pt,open_source,Official Google Fonts open-source catalog: Big Shoulders Inline,,
Big Shoulders Inline 24pt,open_source,Official Google Fonts open-source catalog: Big Shoulders Inline,,
Big Shoulders Inline 36pt,open_source,Official Google Fonts open-source catalog: Big Shoulders Inline,,
Big Shoulders Inline 60pt,open_source,Official Google Fonts open-source catalog: Big Shoulders Inline,,
Big Shoulders Stencil,open_source,Official Google Fonts open-source catalog: Big Shoulders Stencil,,
Big Shoulders Stencil 18pt,open_source,Official Google Fonts open-source catalog: Big Shoulders Stencil,,
Big Shoulders Stencil 24pt,open_source,Official Google Fonts open-source catalog: Big Shoulders Stencil,,
Big Shoulders Stencil 36pt,open_source,Official Google Fonts open-source catalog: Big Shoulders Stencil,,
Big Shoulders Stencil 60pt,open_source,Official Google Fonts open-source catalog: Big Shoulders Stencil,,
Bigelow Rules,open_source,Official Google Fonts open-source catalog: Bigelow Rules,,
Bigshot One,open_source,Official Google Fonts open-source catalog: Bigshot One,,
Bilbo Swash Caps,open_source,Official Google Fonts open-source catalog: Bilbo Swash Caps,,
Bingo,restricted_or_trial,"Embedded font metadata or filename explicitly contains a trial, test, demo, or unlicensed marker",ABC Bingo Condensed Trial,Bingo/ABCBingoCondensedTrial-Regular.otf
Birthstone Bounce,open_source,Official Google Fonts open-source catalog: Birthstone Bounce,,
Bitcount Grid Double,open_source,Official Google Fonts open-source catalog: Bitcount Grid Double,,
Bitcount Grid Double Ink,open_source,Official Google Fonts open-source catalog: Bitcount Grid Double Ink,,
Bitcount Grid Single,open_source,Official Google Fonts open-source catalog: Bitcount Grid Single,,
Bitcount Grid Single Ink,open_source,Official Google Fonts open-source catalog: Bitcount Grid Single Ink,,
Bitcount Ink,open_source,Official Google Fonts open-source catalog: Bitcount Ink,,
Bitcount Prop Double,open_source,Official Google Fonts open-source catalog: Bitcount Prop Double,,
Bitcount Prop Double Ink,open_source,Official Google Fonts open-source catalog: Bitcount Prop Double Ink,,
Bitcount Prop Single,open_source,Official Google Fonts open-source catalog: Bitcount Prop Single,,
Bitcount Prop Single Ink,open_source,Official Google Fonts open-source catalog: Bitcount Prop Single Ink,,
Bitcount Single,open_source,Official Google Fonts open-source catalog: Bitcount Single,,
Bitcount Single Ink,open_source,Official Google Fonts open-source catalog: Bitcount Single Ink,,
Black And White Picture,open_source,Official Google Fonts open-source catalog: Black And White Picture,,
Black Han Sans,open_source,Official Google Fonts open-source catalog: Black Han Sans,,
Black Ops One,open_source,Official Google Fonts open-source catalog: Black Ops One,,
Blaka Hollow,open_source,Official Google Fonts open-source catalog: Blaka Hollow,,
Blaka Ink,open_source,Official Google Fonts open-source catalog: Blaka Ink,,
Bodoni 72 Smallcaps,vendor_entitlement_review,"Identifiable vendor or foundry metadata exists, but no matched license record establishes current entitlement",Bodoni 72 Smallcaps,Bodoni 72 Smallcaps/Bodoni 72 Smallcaps Book.ttf
Bodoni Moda,open_source,Official Google Fonts open-source catalog: Bodoni Moda,,
Bodoni Moda 18pt,open_source,Official Google Fonts open-source catalog: Bodoni Moda,,
Bodoni Moda 28pt,open_source,Official Google Fonts open-source catalog: Bodoni Moda,,
Bodoni Moda 48pt,open_source,Official Google Fonts open-source catalog: Bodoni Moda,,
Bodoni Moda 72pt,open_source,Official Google Fonts open-source catalog: Bodoni Moda,,
Bodoni Moda 9pt,open_source,Official Google Fonts open-source catalog: Bodoni Moda,,
Bodoni Moda SC,open_source,Official Google Fonts open-source catalog: Bodoni Moda SC,,
Bodoni Moda SC 18pt,open_source,Official Google Fonts open-source catalog: Bodoni Moda SC,,
Bodoni Moda SC 28pt,open_source,Official Google Fonts open-source catalog: Bodoni Moda SC,,
Bodoni Moda SC 48pt,open_source,Official Google Fonts open-source catalog: Bodoni Moda SC,,
Bodoni Moda SC 72pt,open_source,Official Google Fonts open-source catalog: Bodoni Moda SC,,
Bodoni Moda SC 9pt,open_source,Official Google Fonts open-source catalog: Bodoni Moda SC,,
Bona Nova,open_source,Official Google Fonts open-source catalog: Bona Nova,,
Bona Nova SC,open_source,Official Google Fonts open-source catalog: Bona Nova SC,,
Bonheur Royale,open_source,Official Google Fonts open-source catalog: Bonheur Royale,,
Bowlby One,open_source,Official Google Fonts open-source catalog: Bowlby One,,
Bowlby One SC,open_source,Official Google Fonts open-source catalog: Bowlby One SC,,
Bpmf Huninn,open_source,Official Google Fonts open-source catalog: Bpmf Huninn,,
Bpmf Iansui,open_source,Official Google Fonts open-source catalog: Bpmf Iansui,,
Bpmf Zihi Kai Std,open_source,Official Google Fonts open-source catalog: Bpmf Zihi Kai Std,,
Braah One,open_source,Official Google Fonts open-source catalog: Braah One,,
Bree Serif,open_source,Official Google Fonts open-source catalog: Bree Serif,,
Bricolage Grotesque,open_source,Official Google Fonts open-source catalog: Bricolage Grotesque,,
Bricolage Grotesque 24pt,open_source,Official Google Fonts open-source catalog: Bricolage Grotesque,,
Bricolage Grotesque 24pt Condensed,open_source,Official Google Fonts open-source catalog: Bricolage Grotesque,,
Bricolage Grotesque 24pt SemiCondensed,open_source,Official Google Fonts open-source catalog: Bricolage Grotesque,,
Bricolage Grotesque 36pt,open_source,Official Google Fonts open-source catalog: Bricolage Grotesque,,
Bricolage Grotesque 36pt Condensed,open_source,Official Google Fonts open-source catalog: Bricolage Grotesque,,
Bricolage Grotesque 36pt SemiCondensed,open_source,Official Google Fonts open-source catalog: Bricolage Grotesque,,
Bricolage Grotesque 48pt,open_source,Official Google Fonts open-source catalog: Bricolage Grotesque,,
Bricolage Grotesque 48pt Condensed,open_source,Official Google Fonts open-source catalog: Bricolage Grotesque,,
Bricolage Grotesque 48pt SemiCondensed,open_source,Official Google Fonts open-source catalog: Bricolage Grotesque,,
Bricolage Grotesque 72pt,open_source,Official Google Fonts open-source catalog: Bricolage Grotesque,,
Bricolage Grotesque 72pt Condensed,open_source,Official Google Fonts open-source catalog: Bricolage Grotesque,,
Bricolage Grotesque 72pt SemiCondensed,open_source,Official Google Fonts open-source catalog: Bricolage Grotesque,,
Bricolage Grotesque Condensed,open_source,Official Google Fonts open-source catalog: Bricolage Grotesque,,
Bricolage Grotesque SemiCondensed,open_source,Official Google Fonts open-source catalog: Bricolage Grotesque,,
BrownStd,vendor_entitlement_review,"Identifiable vendor or foundry metadata exists, but no matched license record establishes current entitlement",BrownStd,BrownStd/BrownStd-Bold.otf
BrownStd Reclining,vendor_entitlement_review,"Identifiable vendor or foundry metadata exists, but no matched license record establishes current entitlement",BrownStd Reclining,BrownStd Reclining/BrownStd-ReclinBold.otf
Bruno Ace,open_source,Official Google Fonts open-source catalog: Bruno Ace,,
Bruno Ace SC,open_source,Official Google Fonts open-source catalog: Bruno Ace SC,,
Brygada 1918,open_source,Official Google Fonts open-source catalog: Brygada 1918,,
Bubblegum,restricted_or_trial,"Embedded font metadata or filename explicitly contains a trial, test, demo, or unlicensed marker",ABC Bubblegum Trial,Bubblegum/ABCBubblegumTrial-Mono.otf
Bubblegum Sans,open_source,Official Google Fonts open-source catalog: Bubblegum Sans,,
Bubbler One,open_source,Official Google Fonts open-source catalog: Bubbler One,,
Bueno Regular Free,free_commercial_license,Included EULA expressly permits personal and commercial projects; redistribution and font-file modification restrictions still apply,Bueno Regular Free,Bueno Regular Free/Bueno_EULA.pdf
Bungee Hairline,open_source,Official Google Fonts open-source catalog: Bungee Hairline,,
Bungee Inline,open_source,Official Google Fonts open-source catalog: Bungee Inline,,
Bungee Outline,open_source,Official Google Fonts open-source catalog: Bungee Outline,,
Bungee Shade,open_source,Official Google Fonts open-source catalog: Bungee Shade,,
Bungee Spice,open_source,Official Google Fonts open-source catalog: Bungee Spice,,
Bungee Tint,open_source,Official Google Fonts open-source catalog: Bungee Tint,,
Butterfly Kids,open_source,Official Google Fonts open-source catalog: Butterfly Kids,,
Cabin Sketch,open_source,Official Google Fonts open-source catalog: Cabin Sketch,,
Cactus Classical Serif,open_source,Official Google Fonts open-source catalog: Cactus Classical Serif,,
Caesar Dressing,open_source,Official Google Fonts open-source catalog: Caesar Dressing,,
Cairo Play,open_source,Official Google Fonts open-source catalog: Cairo Play,,
Cal Sans,open_source,Official Google Fonts open-source catalog: Cal Sans,,
Calibre,restricted_or_trial,"Embedded font metadata or filename explicitly contains a trial, test, demo, or unlicensed marker",Test Calibre,Calibre/TestCalibre-Black.otf
Camera,restricted_or_trial,Dinamo documentation identifies the included variable font as a trial and directs the user to purchase a license,Camera,Camera/about-dinamo-variable-fonts.txt
Camera Rounded,restricted_or_trial,Dinamo documentation identifies the included variable font as a trial and directs the user to purchase a license,Camera Rounded,Camera Rounded/about-dinamo-variable-fonts.txt
Cantata One,open_source,Official Google Fonts open-source catalog: Cantata One,,
Cantora One,open_source,Official Google Fonts open-source catalog: Cantora One,,
Carrois Gothic,open_source,Official Google Fonts open-source catalog: Carrois Gothic,,
Carrois Gothic SC,open_source,Official Google Fonts open-source catalog: Carrois Gothic SC,,
Carter One,open_source,Official Google Fonts open-source catalog: Carter One,,
Cascadia Code,open_source,Official Google Fonts open-source catalog: Cascadia Code,,
Cascadia Mono,open_source,Official Google Fonts open-source catalog: Cascadia Mono,,
Castoro Titling,open_source,Official Google Fonts open-source catalog: Castoro Titling,,
Caveat Brush,open_source,Official Google Fonts open-source catalog: Caveat Brush,,
Cedarville Cursive,open_source,Official Google Fonts open-source catalog: Cedarville Cursive,,
Century Gothic Std,legacy_provenance_review,Legacy source-renamed font file with no matched license evidence; confirm its original purchase or source before production use,Century Gothic Std,Century Gothic Std/CenturyGothicStd-BoldItalic [source-e8d29d04].otf
Ceviche One,open_source,Official Google Fonts open-source catalog: Ceviche One,,
Chakra Petch,open_source,Official Google Fonts open-source catalog: Chakra Petch,,
Changa One,open_source,Official Google Fonts open-source catalog: Changa One,,
Charis SIL,open_source,Official Google Fonts open-source catalog: Charis SIL,,
Chau Philomene One,open_source,Official Google Fonts open-source catalog: Chau Philomene One,,
Chela One,open_source,Official Google Fonts open-source catalog: Chela One,,
Chelsea Market,open_source,Official Google Fonts open-source catalog: Chelsea Market,,
Cherry Bomb One,open_source,Official Google Fonts open-source catalog: Cherry Bomb One,,
Cherry Cream Soda,open_source,Official Google Fonts open-source catalog: Cherry Cream Soda,,
Cherry Swash,open_source,Official Google Fonts open-source catalog: Cherry Swash,,
Chiron GoRound TC,open_source,Official Google Fonts open-source catalog: Chiron GoRound TC,,
Chiron Hei HK,open_source,Official Google Fonts open-source catalog: Chiron Hei HK,,
Chiron Sung HK,open_source,Official Google Fonts open-source catalog: Chiron Sung HK,,
Chivo Mono,open_source,Official Google Fonts open-source catalog: Chivo Mono,,
Chocolate Classical Sans,open_source,Official Google Fonts open-source catalog: Chocolate Classical Sans,,
Cinzel Decorative,open_source,Official Google Fonts open-source catalog: Cinzel Decorative,,
Circular Std,vendor_entitlement_review,"Identifiable vendor or foundry metadata exists, but no matched license record establishes current entitlement",Circular Std Black,Circular Std/CircularStd-Black.otf
Clicker Script,open_source,Official Google Fonts open-source catalog: Clicker Script,,
Client Supplied Review,restricted_or_trial,Source note identifies an unauthorized free-font download site and provides no valid production license,Client Supplied Review,Client Supplied Review/Read Me.txt
Climate Crisis,open_source,Official Google Fonts open-source catalog: Climate Crisis,,
Comforter Brush,open_source,Official Google Fonts open-source catalog: Comforter Brush,,
Comic Neue,open_source,Official Google Fonts open-source catalog: Comic Neue,,
Comic Relief,open_source,Official Google Fonts open-source catalog: Comic Relief,,
Coming Soon,open_source,Official Google Fonts open-source catalog: Coming Soon,,
Concert One,open_source,Official Google Fonts open-source catalog: Concert One,,
Connect,restricted_or_trial,"Embedded font metadata or filename explicitly contains a trial, test, demo, or unlicensed marker",ABC Connect Mono Trial,Connect/ABCConnectMonoTrial-Flat.otf
Contrail One,open_source,Official Google Fonts open-source catalog: Contrail One,,
Coral Pixels,open_source,Official Google Fonts open-source catalog: Coral Pixels,,
Cormorant Garamond,open_source,Official Google Fonts open-source catalog: Cormorant Garamond,,
Cormorant Infant,open_source,Official Google Fonts open-source catalog: Cormorant Infant,,
Cormorant SC,open_source,Official Google Fonts open-source catalog: Cormorant SC,,
Cormorant Unicase,open_source,Official Google Fonts open-source catalog: Cormorant Unicase,,
Cormorant Upright,open_source,Official Google Fonts open-source catalog: Cormorant Upright,,
Cossette Texte,open_source,Official Google Fonts open-source catalog: Cossette Texte,,
Cossette Titre,open_source,Official Google Fonts open-source catalog: Cossette Titre,,
Courier Prime,open_source,Official Google Fonts open-source catalog: Courier Prime,,
Covered By Your Grace,open_source,Official Google Fonts open-source catalog: Covered By Your Grace,,
Cowboy,restricted_or_trial,"Embedded font metadata or filename explicitly contains a trial, test, demo, or unlicensed marker",ABC Cowboy Trial,Cowboy/ABCCowboyTrial-Regular.otf
Crafty Girls,open_source,Official Google Fonts open-source catalog: Crafty Girls,,
Crete Round,open_source,Official Google Fonts open-source catalog: Crete Round,,
Crimson Pro,open_source,Official Google Fonts open-source catalog: Crimson Pro,,
Crimson Text,open_source,Official Google Fonts open-source catalog: Crimson Text,,
Croissant One,open_source,Official Google Fonts open-source catalog: Croissant One,,
Cult,provenance_unknown,No matched license evidence; embedded metadata does not establish production rights,Cult VP,Cult/CultVP-Branding.otf
Cute Font,open_source,Official Google Fonts open-source catalog: Cute Font,,
Cutive Mono,open_source,Official Google Fonts open-source catalog: Cutive Mono,,
DIN 1451 Std,legacy_provenance_review,Legacy source-renamed font file with no matched license evidence; confirm its original purchase or source before production use,DIN 1451 Std,DIN 1451 Std/DINMittelschriftStd [source-a94892ca].otf
DM Mono,open_source,Official Google Fonts open-source catalog: DM Mono,,
DM Sans,open_source,Official Google Fonts open-source catalog: DM Sans,DM Sans,DM Sans/OFL.txt | DM Sans/README.txt
DM Serif Display,open_source,Official Google Fonts open-source catalog: DM Serif Display,,
DM Serif Text,open_source,Official Google Fonts open-source catalog: DM Serif Text,,
Dai Banna SIL,open_source,Official Google Fonts open-source catalog: Dai Banna SIL,,
Daily,restricted_or_trial,"Embedded font metadata or filename explicitly contains a trial, test, demo, or unlicensed marker",ABC Daily Scotch Greek Trial,Daily/ABCDailyScotchGreekTrial-Black.otf
Dancing Script,open_source,Official Google Fonts open-source catalog: Dancing Script,,
Darker Grotesque,open_source,Official Google Fonts open-source catalog: Darker Grotesque,,
Darumadrop One,open_source,Official Google Fonts open-source catalog: Darumadrop One,,
Darwin,vendor_entitlement_review,"Identifiable vendor or foundry metadata exists, but no matched license record establishes current entitlement",Founders Grotesk,Darwin/DarwinLight.ttf
David Libre,open_source,Official Google Fonts open-source catalog: David Libre,,
Dawning of a New Day,open_source,Official Google Fonts open-source catalog: Dawning of a New Day,,
Days One,open_source,Official Google Fonts open-source catalog: Days One,,
Decay,provenance_unknown,No matched license evidence; embedded metadata does not establish production rights,Decay,Decay/Decay-White-Alt.otf
Dela Gothic One,open_source,Official Google Fonts open-source catalog: Dela Gothic One,,
Delicious Handrawn,open_source,Official Google Fonts open-source catalog: Delicious Handrawn,,
Delight,free_commercial_license,Included EULA expressly permits personal and commercial projects; redistribution and font-file modification restrictions still apply,Delight,Delight/Delight License.pdf
Delius Swash Caps,open_source,Official Google Fonts open-source catalog: Delius Swash Caps,,
Delius Unicase,open_source,Official Google Fonts open-source catalog: Delius Unicase,,
Della Respira,open_source,Official Google Fonts open-source catalog: Della Respira,,
Denk One,open_source,Official Google Fonts open-source catalog: Denk One,,
Diatype,restricted_or_trial,Dinamo documentation identifies the included variable font as a trial and directs the user to purchase a license,Diatype,Diatype/about-dinamo-variable-fonts.txt
Diatype Extra,restricted_or_trial,Dinamo documentation identifies the included variable font as a trial and directs the user to purchase a license,Diatype Extra,Diatype Extra/about-dinamo-variable-fonts.txt
Diatype Rounded,restricted_or_trial,Dinamo documentation identifies the included variable font as a trial and directs the user to purchase a license,Diatype Rounded,Diatype Rounded/about-dinamo-variable-fonts.txt
Didact Gothic,open_source,Official Google Fonts open-source catalog: Didact Gothic,,
Die Grotesk,restricted_or_trial,"Embedded font metadata or filename explicitly contains a trial, test, demo, or unlicensed marker",Test Die Grotesk A,Die Grotesk/TestDieGrotesk-A-Black.otf
Diplomata SC,open_source,Official Google Fonts open-source catalog: Diplomata SC,,
Do Hyeon,open_source,Official Google Fonts open-source catalog: Do Hyeon,,
Domaine,restricted_or_trial,"Embedded font metadata or filename explicitly contains a trial, test, demo, or unlicensed marker",Test Domaine Display,Domaine/TestDomaineDisplay-Black.otf
Domaine Sans,restricted_or_trial,"Embedded font metadata or filename explicitly contains a trial, test, demo, or unlicensed marker",Test Domaine Sans Display,Domaine Sans/TestDomaineSansDisplay-Black.otf
Donegal One,open_source,Official Google Fonts open-source catalog: Donegal One,,
Doner Regular Trial,restricted_or_trial,"Explicit trial, personal-use, or unlicensed marker",Doner Regular Trial,Doner Regular Trial/Doner_EULA.pdf
Doppio One,open_source,Official Google Fonts open-source catalog: Doppio One,,
Dr Sugiyama,open_source,Official Google Fonts open-source catalog: Dr Sugiyama,,
DrManta,legacy_unsupported_review,Legacy bitmap font-map file with no matched license evidence; retain for reference and keep out of production,,DrManta/DrManta.bmap
Dragon Regular Free,free_commercial_license,Included EULA expressly permits personal and commercial projects; redistribution and font-file modification restrictions still apply,Dragon Regular Free,Dragon Regular Free/Dragon EULA.pdf
Duru Sans,open_source,Official Google Fonts open-source catalog: Duru Sans,,
EB Garamond,open_source,Official Google Fonts open-source catalog: EB Garamond,,
Eagle Lake,open_source,Official Google Fonts open-source catalog: Eagle Lake,,
East Sea Dokdo,open_source,Official Google Fonts open-source catalog: East Sea Dokdo,,
Edu AU VIC WA NT Arrows,open_source,Official Google Fonts open-source catalog: Edu AU VIC WA NT Arrows,,
Edu AU VIC WA NT Dots,open_source,Official Google Fonts open-source catalog: Edu AU VIC WA NT Dots,,
Edu AU VIC WA NT Guides,open_source,Official Google Fonts open-source catalog: Edu AU VIC WA NT Guides,,
Edu AU VIC WA NT Hand,open_source,Official Google Fonts open-source catalog: Edu AU VIC WA NT Hand,,
Edu AU VIC WA NT Pre,open_source,Official Google Fonts open-source catalog: Edu AU VIC WA NT Pre,,
Edu NSW ACT Cursive,open_source,Official Google Fonts open-source catalog: Edu NSW ACT Cursive,,
Edu NSW ACT Foundation,open_source,Official Google Fonts open-source catalog: Edu NSW ACT Foundation,,
Edu NSW ACT Hand Pre,open_source,Official Google Fonts open-source catalog: Edu NSW ACT Hand Pre,,
Edu QLD Beginner,open_source,Official Google Fonts open-source catalog: Edu QLD Beginner,,
Edu QLD Hand,open_source,Official Google Fonts open-source catalog: Edu QLD Hand,,
Edu SA Beginner,open_source,Official Google Fonts open-source catalog: Edu SA Beginner,,
Edu SA Hand,open_source,Official Google Fonts open-source catalog: Edu SA Hand,,
Edu TAS Beginner,open_source,Official Google Fonts open-source catalog: Edu TAS Beginner,,
Edu VIC WA NT Beginner,open_source,Official Google Fonts open-source catalog: Edu VIC WA NT Beginner,,
Edu VIC WA NT Hand,open_source,Official Google Fonts open-source catalog: Edu VIC WA NT Hand,,
Edu VIC WA NT Hand Pre,open_source,Official Google Fonts open-source catalog: Edu VIC WA NT Hand Pre,,
El Messiri,open_source,Official Google Fonts open-source catalog: El Messiri,,
Elms Sans,open_source,Official Google Fonts open-source catalog: Elms Sans,,
Elsie Swash Caps,open_source,Official Google Fonts open-source catalog: Elsie Swash Caps,,
Emberly v1.3,open_source,Open-source license text found,Emberly v1.3,Emberly v1.3/LICENSE.txt
Emblema One,open_source,Official Google Fonts open-source catalog: Emblema One,,
Emilys Candy,open_source,Official Google Fonts open-source catalog: Emilys Candy,,
Encode Sans,open_source,Official Google Fonts open-source catalog: Encode Sans,,
Encode Sans Condensed,open_source,Official Google Fonts open-source catalog: Encode Sans Condensed,,
Encode Sans Expanded,open_source,Official Google Fonts open-source catalog: Encode Sans Expanded,,
Encode Sans SC,open_source,Official Google Fonts open-source catalog: Encode Sans SC,,
Encode Sans SC Condensed,open_source,Official Google Fonts open-source catalog: Encode Sans SC,,
Encode Sans SC Expanded,open_source,Official Google Fonts open-source catalog: Encode Sans SC,,
Encode Sans SC SemiCondensed,open_source,Official Google Fonts open-source catalog: Encode Sans SC,,
Encode Sans SC SemiExpanded,open_source,Official Google Fonts open-source catalog: Encode Sans SC,,
Encode Sans SemiCondensed,open_source,Official Google Fonts open-source catalog: Encode Sans Semi Condensed,,
Encode Sans SemiExpanded,open_source,Official Google Fonts open-source catalog: Encode Sans Semi Expanded,,
Epicene,restricted_or_trial,"Embedded font metadata or filename explicitly contains a trial, test, demo, or unlicensed marker",Test Epicene Display,Epicene/TestEpiceneDisplay-Black.otf
Epilogue,open_source,Official Google Fonts open-source catalog: Epilogue,Epilogue,Epilogue/OFL.txt | Epilogue/README.txt
Epunda Sans,open_source,Official Google Fonts open-source catalog: Epunda Sans,,
Epunda Slab,open_source,Official Google Fonts open-source catalog: Epunda Slab,,
Erica One,open_source,Official Google Fonts open-source catalog: Erica One,,
Estragon,restricted_or_trial,"Embedded font metadata or filename explicitly contains a trial, test, demo, or unlicensed marker",ABC Estragon Trial,Estragon/ABCEstragonTrial-Bold.otf
Euphoria Script,open_source,Official Google Fonts open-source catalog: Euphoria Script,,
Exo 2,open_source,Official Google Fonts open-source catalog: Exo 2,,
Expletus Sans,open_source,Official Google Fonts open-source catalog: Expletus Sans,,
Faculty Glyphic,open_source,Official Google Fonts open-source catalog: Faculty Glyphic,,
Familjen Grotesk,open_source,Official Google Fonts open-source catalog: Familjen Grotesk,,
Family,restricted_or_trial,"Embedded font metadata or filename explicitly contains a trial, test, demo, or unlicensed marker",Test Family,Family/TestFamily-Black.otf
Fanwood Text,open_source,Official Google Fonts open-source catalog: Fanwood Text,,
Fascinate Inline,open_source,Official Google Fonts open-source catalog: Fascinate Inline,,
Faster One,open_source,Official Google Fonts open-source catalog: Faster One,,
Fauna One,open_source,Official Google Fonts open-source catalog: Fauna One,,
Favorit,restricted_or_trial,Dinamo documentation identifies the included variable font as a trial and directs the user to purchase a license,Favorit,Favorit/about-dinamo-variable-fonts.txt
Feijoa,restricted_or_trial,"Embedded font metadata or filename explicitly contains a trial, test, demo, or unlicensed marker",Test Feijoa Bold,Feijoa/TestFeijoa-Bold.otf
Fight to the Finish BB,vendor_entitlement_review,"Identifiable vendor or foundry metadata exists, but no matched license record establishes current entitlement",Fight to the Finish BB,Fight to the Finish BB/FightToTheFinishBB.otf
Fight to the Finish Rough BB,vendor_entitlement_review,"Identifiable vendor or foundry metadata exists, but no matched license record establishes current entitlement",Fight to the Finish Rough BB,Fight to the Finish Rough BB/FightToTheFinishRoughBB.otf
Financier,restricted_or_trial,"Embedded font metadata or filename explicitly contains a trial, test, demo, or unlicensed marker",Test Financier Display,Financier/TestFinancierDisplay-Black.otf
Finger Paint,open_source,Official Google Fonts open-source catalog: Finger Paint,,
Finlandica Headline,open_source,Official Google Fonts open-source catalog: Finlandica Headline,,
Finlandica Text,open_source,Official Google Fonts open-source catalog: Finlandica Text,,
Fira Code,open_source,Official Google Fonts open-source catalog: Fira Code,,
Fira Mono,open_source,Official Google Fonts open-source catalog: Fira Mono,,
Fira Sans,open_source,Official Google Fonts open-source catalog: Fira Sans,,
Fira Sans Condensed,open_source,Official Google Fonts open-source catalog: Fira Sans Condensed,,
Fira Sans Extra Condensed,open_source,Official Google Fonts open-source catalog: Fira Sans Extra Condensed,,
Fjalla One,open_source,Official Google Fonts open-source catalog: Fjalla One,,
Fjord,vendor_entitlement_review,"Identifiable vendor or foundry metadata exists, but no matched license record establishes current entitlement",Fjord,Fjord/fjord-one-regular.ttf
Fleur De Leah,open_source,Official Google Fonts open-source catalog: Fleur De Leah,,
Flow Block,open_source,Official Google Fonts open-source catalog: Flow Block,,
Flow Circular,open_source,Official Google Fonts open-source catalog: Flow Circular,,
Flow Rounded,open_source,Official Google Fonts open-source catalog: Flow Rounded,,
Fontdiner Swanky,open_source,Official Google Fonts open-source catalog: Fontdiner Swanky,,
Founders Grotesk,vendor_entitlement_review,"Identifiable vendor or foundry metadata exists, but no matched license record establishes current entitlement",Founders Grotesk,Founders Grotesk/FoundersGrotesk-Bold.otf
Fragment Mono,open_source,Official Google Fonts open-source catalog: Fragment Mono,,
Francois One,open_source,Official Google Fonts open-source catalog: Francois One,,
Frank Ruhl Libre,open_source,Official Google Fonts open-source catalog: Frank Ruhl Libre,,
Franklin Gothic Medium,legacy_provenance_review,Legacy source-renamed font file with no matched license evidence; confirm its original purchase or source before production use,Franklin Gothic Medium,Franklin Gothic Medium/FranklinGothic-Medium [source-21c9803c].ttf
Freckle Face,open_source,Official Google Fonts open-source catalog: Freckle Face,,
Fredericka the Great,open_source,Official Google Fonts open-source catalog: Fredericka the Great,,
Fugaz One,open_source,Official Google Fonts open-source catalog: Fugaz One,,
Funnel Display,open_source,Official Google Fonts open-source catalog: Funnel Display,,
Funnel Sans,open_source,Official Google Fonts open-source catalog: Funnel Sans,,
Fuzzy Bubbles,open_source,Official Google Fonts open-source catalog: Fuzzy Bubbles,,
GFS Didot,open_source,Official Google Fonts open-source catalog: GFS Didot,,
GFS Neohellenic,open_source,Official Google Fonts open-source catalog: GFS Neohellenic,,
GT America,provenance_unknown,No matched license evidence; embedded metadata does not establish production rights,GT America,GT America/GT-America-Expanded-Black.ttf
Ga Maamli,open_source,Official Google Fonts open-source catalog: Ga Maamli,,
Gaisyr,restricted_or_trial,Dinamo documentation identifies the included variable font as a trial and directs the user to purchase a license,Gaisyr,Gaisyr/about-dinamo-variable-fonts.txt
Gajraj One,open_source,Official Google Fonts open-source catalog: Gajraj One,,
Galapagos,restricted_or_trial,"Embedded font metadata or filename explicitly contains a trial, test, demo, or unlicensed marker",ABC Galapagos ABC Grid Trial,Galapagos/ABCGalapagosABCGridTrial-Black.otf
Gallique,restricted_or_trial,"Embedded font metadata or filename explicitly contains a trial, test, demo, or unlicensed marker",Gallique,Gallique/Gallique-Trial-Light.otf
Gamja Flower,open_source,Official Google Fonts open-source catalog: Gamja Flower,,
Gasoek One,open_source,Official Google Fonts open-source catalog: Gasoek One,,
Geist,open_source,Official Google Fonts open-source catalog: Geist,,
Geist Mono,open_source,Official Google Fonts open-source catalog: Geist Mono,,
Geist Pixel,open_source,Official Google Fonts open-source catalog: Geist Pixel,,
Gemunu Libre,open_source,Official Google Fonts open-source catalog: Gemunu Libre,,
Gentium Book Plus,open_source,Official Google Fonts open-source catalog: Gentium Book Plus,,
Gentium Plus,open_source,Official Google Fonts open-source catalog: Gentium Plus,,
Geograph,restricted_or_trial,"Embedded font metadata or filename explicitly contains a trial, test, demo, or unlicensed marker",Test Geograph,Geograph/TestGeograph-Black.otf
Geostar Fill,open_source,Official Google Fonts open-source catalog: Geostar Fill,,
Germania One,open_source,Official Google Fonts open-source catalog: Germania One,,
Gideon Roman,open_source,Official Google Fonts open-source catalog: Gideon Roman,,
Gilda Display,open_source,Official Google Fonts open-source catalog: Gilda Display,,
Ginto,restricted_or_trial,Dinamo documentation identifies the included variable font as a trial and directs the user to purchase a license,Ginto,Ginto/about-dinamo-variable-fonts.txt
Ginto Rounded,restricted_or_trial,Dinamo documentation identifies the included variable font as a trial and directs the user to purchase a license,Ginto Rounded,Ginto Rounded/about-dinamo-variable-fonts.txt
Give You Glory,open_source,Official Google Fonts open-source catalog: Give You Glory,,
Glass Antiqua,open_source,Official Google Fonts open-source catalog: Glass Antiqua,,
Gloria Hallelujah,open_source,Official Google Fonts open-source catalog: Gloria Hallelujah,,
Goblin One,open_source,Official Google Fonts open-source catalog: Goblin One,,
Gochi Hand,open_source,Official Google Fonts open-source catalog: Gochi Hand,,
Golos Text,open_source,Official Google Fonts open-source catalog: Golos Text,,
Google Sans,open_source,Official Google Fonts open-source catalog: Google Sans,,
Google Sans 17pt,open_source,Official Google Fonts open-source catalog: Google Sans,,
Google Sans Code,open_source,Official Google Fonts open-source catalog: Google Sans Code,,
Google Sans Flex,open_source,Official Google Fonts open-source catalog: Google Sans Flex,,
Gotham Black,vendor_entitlement_review,"Identifiable vendor or foundry metadata exists, but no matched license record establishes current entitlement",Gotham Black,Gotham Black/GothamBlack.ttf
Gotham Bold,vendor_entitlement_review,"Identifiable vendor or foundry metadata exists, but no matched license record establishes current entitlement",Gotham Bold,Gotham Bold/GothamBold.ttf
Gotham ExtraLight,vendor_entitlement_review,"Identifiable vendor or foundry metadata exists, but no matched license record establishes current entitlement",Gotham ExtraLight,Gotham ExtraLight/GothamXLight.ttf
Gotham Light,vendor_entitlement_review,"Identifiable vendor or foundry metadata exists, but no matched license record establishes current entitlement",Gotham Light,Gotham Light/GothamLight.ttf
Gotham Medium,vendor_entitlement_review,"Identifiable vendor or foundry metadata exists, but no matched license record establishes current entitlement",Gotham Medium,Gotham Medium/GothamMedium.ttf
Gotham Thin,vendor_entitlement_review,"Identifiable vendor or foundry metadata exists, but no matched license record establishes current entitlement",Gotham Thin,Gotham Thin/GothamThin.ttf
Gotham Ultra,vendor_entitlement_review,"Identifiable vendor or foundry metadata exists, but no matched license record establishes current entitlement",Gotham Ultra,Gotham Ultra/GothamUltra.ttf
Gothic A1,open_source,Official Google Fonts open-source catalog: Gothic A1,,
Goudy Bookletter 1911,open_source,Official Google Fonts open-source catalog: Goudy Bookletter 1911,,
Gowun Batang,open_source,Official Google Fonts open-source catalog: Gowun Batang,,
Gowun Dodum,open_source,Official Google Fonts open-source catalog: Gowun Dodum,,
Gramercy,restricted_or_trial,Dinamo documentation identifies the included variable font as a trial and directs the user to purchase a license,Gramercy,Gramercy/about-dinamo-variable-fonts.txt
Grand Hotel,open_source,Official Google Fonts open-source catalog: Grand Hotel,,
Grandiflora One,open_source,Official Google Fonts open-source catalog: Grandiflora One,,
Grape Nuts,open_source,Official Google Fonts open-source catalog: Grape Nuts,,
Graphik,vendor_entitlement_review,"Identifiable vendor or foundry metadata exists, but no matched license record establishes current entitlement",Graphik,Graphik/Graphik-Bold.ttf
Gravitas One,open_source,Official Google Fonts open-source catalog: Gravitas One,,
Gravity,restricted_or_trial,Dinamo documentation identifies the included variable font as a trial and directs the user to purchase a license,Gravity,Gravity/about-dinamo-variable-fonts.txt
Great Vibes,open_source,Official Google Fonts open-source catalog: Great Vibes,,
Grechen Fuemen,open_source,Official Google Fonts open-source catalog: Grechen Fuemen,,
Grenze Gotisch,open_source,Official Google Fonts open-source catalog: Grenze Gotisch,,
Grey Qo,open_source,Official Google Fonts open-source catalog: Grey Qo,,
Grow,restricted_or_trial,"Embedded font metadata or filename explicitly contains a trial, test, demo, or unlicensed marker",ABC Grow Trial,Grow/ABCGrowTrial-A.otf
Gveret Levin,open_source,Official Google Fonts open-source catalog: Gveret Levin,,
HUMANE Typeface,free_commercial_license,Included EULA expressly permits personal and commercial projects; redistribution and font-file modification restrictions still apply,HUMANE Typeface,HUMANE Typeface/License.pdf
Hachi Maru Pop,open_source,Official Google Fonts open-source catalog: Hachi Maru Pop,,
Hammersmith One,open_source,Official Google Fonts open-source catalog: Hammersmith One,,
Hanalei Fill,open_source,Official Google Fonts open-source catalog: Hanalei Fill,,
Hanken Grotesk,open_source,Official Google Fonts open-source catalog: Hanken Grotesk,,
Happy Monkey,open_source,Official Google Fonts open-source catalog: Happy Monkey,,
HeadlandOne,open_source,Official Google Fonts open-source catalog: Headland One,,
Hedvig Letters Sans,open_source,Official Google Fonts open-source catalog: Hedvig Letters Sans,,
Hedvig Letters Serif,open_source,Official Google Fonts open-source catalog: Hedvig Letters Serif,,
Hedvig Letters Serif 14pt,open_source,Official Google Fonts open-source catalog: Hedvig Letters Serif,,
Hedvig Letters Serif 18pt,open_source,Official Google Fonts open-source catalog: Hedvig Letters Serif,,
Heldane,restricted_or_trial,"Embedded font metadata or filename explicitly contains a trial, test, demo, or unlicensed marker",Test Heldane Display,Heldane/TestHeldaneDisplay-Bold.otf
Helsinki XXL,vendor_entitlement_review,"Identifiable vendor or foundry metadata exists, but no matched license record establishes current entitlement",Helsinki XXL,Helsinki XXL/HelsinkiXXL-Black.ttf
Helveesti,restricted_or_trial,Dinamo documentation identifies the included variable font as a trial and directs the user to purchase a license,Helveesti,Helveesti/about-dinamo-variable-fonts.txt
Helvetica Neue LT Pro,vendor_entitlement_review,"Identifiable vendor or foundry metadata exists, but no matched license record establishes current entitlement",Helvetica Neue LT Pro,Helvetica Neue LT Pro/HelveticaNeueLTPro-Bd.otf
Helvetica Neue LT Std,legacy_provenance_review,Legacy source-renamed font file with no matched license evidence; confirm its original purchase or source before production use,Helvetica Neue LT Std,Helvetica Neue LT Std/HelveticaNeueLTStd-ThIt [source-86e16302].otf
Helvetica Neue for IBM,legacy_provenance_review,Legacy source-renamed font file with no matched license evidence; confirm its original purchase or source before production use,HelvNeue Roman Italic for IBM,Helvetica Neue for IBM/HelvNeueRomanItalicforIBM [source-9e4134f7].otf
Henny Penny,open_source,Official Google Fonts open-source catalog: Henny Penny,,
Hepta Slab,open_source,Official Google Fonts open-source catalog: Hepta Slab,,
Herr Von Muellerhoff,open_source,Official Google Fonts open-source catalog: Herr Von Muellerhoff,,
Hi Melody,open_source,Official Google Fonts open-source catalog: Hi Melody,,
Hibur Mono,open_source,Official Google Fonts open-source catalog: Hibur Mono,,
Hina Mincho,open_source,Official Google Fonts open-source catalog: Hina Mincho,,
Hind Mysuru,open_source,Official Google Fonts open-source catalog: Hind Mysuru,,
Holtwood One SC,open_source,Official Google Fonts open-source catalog: Holtwood One SC,,
Homemade Apple,open_source,Official Google Fonts open-source catalog: Homemade Apple,,
Honeymoon,restricted_or_trial,Dinamo documentation identifies the included variable font as a trial and directs the user to purchase a license,Honeymoon,Honeymoon/about-dinamo-variable-fonts.txt
Host Grotesk,open_source,Official Google Fonts open-source catalog: Host Grotesk,,
Hubot Sans Condensed,vendor_entitlement_review,"Identifiable vendor or foundry metadata exists, but no matched license record establishes current entitlement",Hubot Sans,Hubot Sans Condensed/hubot-sans-200.ttf
Humane V.2.0,free_commercial_license,Included EULA expressly permits personal and commercial projects; redistribution and font-file modification restrictions still apply,Humane V.2.0,Humane V.2.0/EULA.pdf
IBM Plex Mono,open_source,Official Google Fonts open-source catalog: IBM Plex Mono,,
IBM Plex Sans,open_source,Official Google Fonts open-source catalog: IBM Plex Sans,,
IBM Plex Serif,open_source,Official Google Fonts open-source catalog: IBM Plex Serif,,
IM FELL DW Pica,open_source,Official Google Fonts open-source catalog: IM Fell DW Pica,,
IM FELL DW Pica SC,open_source,Official Google Fonts open-source catalog: IM Fell DW Pica SC,,
IM FELL Double Pica,open_source,Official Google Fonts open-source catalog: IM Fell Double Pica,,
IM FELL Double Pica SC,open_source,Official Google Fonts open-source catalog: IM Fell Double Pica SC,,
IM FELL English,open_source,Official Google Fonts open-source catalog: IM Fell English,,
IM FELL English SC,open_source,Official Google Fonts open-source catalog: IM Fell English SC,,
IM FELL French Canon,open_source,Official Google Fonts open-source catalog: IM Fell French Canon,,
IM FELL French Canon SC,open_source,Official Google Fonts open-source catalog: IM Fell French Canon SC,,
IM FELL Great Primer,open_source,Official Google Fonts open-source catalog: IM Fell Great Primer,,
IM FELL Great Primer SC,open_source,Official Google Fonts open-source catalog: IM Fell Great Primer SC,,
ITC American Typewriter,legacy_provenance_review,Legacy source-renamed font file with no matched license evidence; confirm its original purchase or source before production use,ITC American Typewriter,ITC American Typewriter/AmericanTypewriter-Medium [source-653c04d3].otf
ITC American Typewriter Condens,legacy_provenance_review,Legacy source-renamed font file with no matched license evidence; confirm its original purchase or source before production use,ITC American Typewriter Condens,ITC American Typewriter Condens/AmericanTypewriter-Cond [source-45181846].otf
ITC American Typewriter Std,legacy_provenance_review,Legacy source-renamed font file with no matched license evidence; confirm its original purchase or source before production use,ITC American Typewriter Std,ITC American Typewriter Std/AmericanTypewriterStd-Med [source-4b548b56].otf
Ibarra Real Nova,open_source,Official Google Fonts open-source catalog: Ibarra Real Nova,,
Ikarus,restricted_or_trial,Dinamo documentation identifies the included variable font as a trial and directs the user to purchase a license,Ikarus,Ikarus/about-dinamo-variable-fonts.txt
Imperial Script,open_source,Official Google Fonts open-source catalog: Imperial Script,,
Inclusive Sans,open_source,Official Google Fonts open-source catalog: Inclusive Sans,,
Indie Flower,open_source,Official Google Fonts open-source catalog: Indie Flower,,
Ingrid Darling,open_source,Official Google Fonts open-source catalog: Ingrid Darling,,
Inknut Antiqua,open_source,Official Google Fonts open-source catalog: Inknut Antiqua,,
Inria Sans,open_source,Official Google Fonts open-source catalog: Inria Sans,,
Inria Serif,open_source,Official Google Fonts open-source catalog: Inria Serif,,
Instrument Sans Condensed,vendor_entitlement_review,"Identifiable vendor or foundry metadata exists, but no matched license record establishes current entitlement",Instrument Sans,Instrument Sans Condensed/instrument-sans-500.ttf
Instrument Serif,open_source,Official Google Fonts open-source catalog: Instrument Serif,,
Intel One Mono,open_source,Official Google Fonts open-source catalog: Intel One Mono,,
Intelo,provenance_unknown,No matched license evidence; embedded metadata does not establish production rights,Intelo-Bold,Intelo/InteloBold.ttf
Inter Tight,open_source,Official Google Fonts open-source catalog: Inter Tight,,
Iosevka Charon,open_source,Official Google Fonts open-source catalog: Iosevka Charon,,
Iosevka Charon Mono,open_source,Official Google Fonts open-source catalog: Iosevka Charon Mono,,
Irish Grover,open_source,Official Google Fonts open-source catalog: Irish Grover,,
Island Moments,open_source,Official Google Fonts open-source catalog: Island Moments,,
Istok Web,open_source,Official Google Fonts open-source catalog: Istok Web,,
Jacquard 12,open_source,Official Google Fonts open-source catalog: Jacquard 12,,
Jacquard 12 Charted,open_source,Official Google Fonts open-source catalog: Jacquard 12 Charted,,
Jacquard 24,open_source,Official Google Fonts open-source catalog: Jacquard 24,,
Jacquard 24 Charted,open_source,Official Google Fonts open-source catalog: Jacquard 24 Charted,,
Jacquarda Bastarda 9,open_source,Official Google Fonts open-source catalog: Jacquarda Bastarda 9,,
Jacquarda Bastarda 9 Charted,open_source,Official Google Fonts open-source catalog: Jacquarda Bastarda 9 Charted,,
Jacques Francois,open_source,Official Google Fonts open-source catalog: Jacques Francois,,
Jacques Francois Shadow,open_source,Official Google Fonts open-source catalog: Jacques Francois Shadow,,
Jaini Purva,open_source,Official Google Fonts open-source catalog: Jaini Purva,,
Jersey 10,open_source,Official Google Fonts open-source catalog: Jersey 10,,
Jersey 10 Charted,open_source,Official Google Fonts open-source catalog: Jersey 10 Charted,,
Jersey 15,open_source,Official Google Fonts open-source catalog: Jersey 15,,
Jersey 15 Charted,open_source,Official Google Fonts open-source catalog: Jersey 15 Charted,,
Jersey 20,open_source,Official Google Fonts open-source catalog: Jersey 20,,
Jersey 20 Charted,open_source,Official Google Fonts open-source catalog: Jersey 20 Charted,,
Jersey 25,open_source,Official Google Fonts open-source catalog: Jersey 25,,
Jersey 25 Charted,open_source,Official Google Fonts open-source catalog: Jersey 25 Charted,,
JetBrains Mono,open_source,Official Google Fonts open-source catalog: JetBrains Mono,,
Jim Nightshade,open_source,Official Google Fonts open-source catalog: Jim Nightshade,,
Jockey One,open_source,Official Google Fonts open-source catalog: Jockey One,,
Jolly Lodger,open_source,Official Google Fonts open-source catalog: Jolly Lodger,,
Josefin Sans,open_source,Official Google Fonts open-source catalog: Josefin Sans,,
Josefin Slab,open_source,Official Google Fonts open-source catalog: Josefin Slab,,
Joti One,open_source,Official Google Fonts open-source catalog: Joti One,,
Julius Sans One,open_source,Official Google Fonts open-source catalog: Julius Sans One,,
Just Another Hand,open_source,Official Google Fonts open-source catalog: Just Another Hand,,
Just Me Again Down Here,open_source,Official Google Fonts open-source catalog: Just Me Again Down Here,,
Kaisei Decol,open_source,Official Google Fonts open-source catalog: Kaisei Decol,,
Kaisei HarunoUmi,open_source,Official Google Fonts open-source catalog: Kaisei HarunoUmi,,
Kaisei Opti,open_source,Official Google Fonts open-source catalog: Kaisei Opti,,
Kaisei Tokumin,open_source,Official Google Fonts open-source catalog: Kaisei Tokumin,,
Kalnia Glaze,open_source,Official Google Fonts open-source catalog: Kalnia Glaze,,
Kantumruy Pro,open_source,Official Google Fonts open-source catalog: Kantumruy Pro,,
Karbon,restricted_or_trial,"Embedded font metadata or filename explicitly contains a trial, test, demo, or unlicensed marker",Test Karbon,Karbon/TestKarbon-Bold.otf
Kaushan Script,open_source,Official Google Fonts open-source catalog: Kaushan Script,,
Kay Pho Du,open_source,Official Google Fonts open-source catalog: Kay Pho Du,,
Kdam Thmor Pro,open_source,Official Google Fonts open-source catalog: Kdam Thmor Pro,,
Keania One,open_source,Official Google Fonts open-source catalog: Keania One,,
Kelly Slab,open_source,Official Google Fonts open-source catalog: Kelly Slab,,
Kirang Haerang,open_source,Official Google Fonts open-source catalog: Kirang Haerang,,
Kite One,open_source,Official Google Fonts open-source catalog: Kite One,,
Kiwi Maru,open_source,Official Google Fonts open-source catalog: Kiwi Maru,,
Klee One,open_source,Official Google Fonts open-source catalog: Klee One,,
Kode Mono,open_source,Official Google Fonts open-source catalog: Kode Mono,,
Koh Santepheap,open_source,Official Google Fonts open-source catalog: Koh Santepheap,,
Kolker Brush,open_source,Official Google Fonts open-source catalog: Kolker Brush,,
Konkhmer Sleokchher,open_source,Official Google Fonts open-source catalog: Konkhmer Sleokchher,,
Kosugi Maru,open_source,Official Google Fonts open-source catalog: Kosugi Maru,,
Kotta One,open_source,Official Google Fonts open-source catalog: Kotta One,,
Kreadon,vendor_entitlement_review,"Identifiable vendor or foundry metadata exists, but no matched license record establishes current entitlement",Kreadon,Kreadon/Kreadon-Bold.ttf
Kreol Display,restricted_or_trial,"Embedded font metadata or filename explicitly contains a trial, test, demo, or unlicensed marker",RB Kreol Display Unlicensed Test,Kreol Display/KreolDisplayUnlicensedTest-Bold.otf
Kreol Headline,restricted_or_trial,"Embedded font metadata or filename explicitly contains a trial, test, demo, or unlicensed marker",RB Kreol Headline Unlicensed Test,Kreol Headline/KreolHeadlineUnlicensedTest-Bold.otf
Kreol Text,restricted_or_trial,"Embedded font metadata or filename explicitly contains a trial, test, demo, or unlicensed marker",RB Kreol Text Unlicensed Test,Kreol Text/KreolTextUnlicensedTest-Bold.otf
Krona One,open_source,Official Google Fonts open-source catalog: Krona One,,
Kulim Park,open_source,Official Google Fonts open-source catalog: Kulim Park,,
Kumar One,open_source,Official Google Fonts open-source catalog: Kumar One,,
Kumar One Outline,open_source,Official Google Fonts open-source catalog: Kumar One Outline,,
Kumbh Sans,open_source,Official Google Fonts open-source catalog: Kumbh Sans,,
LINE Seed JP,open_source,Official Google Fonts open-source catalog: LINE Seed JP,,
LXGW Marker Gothic,open_source,Official Google Fonts open-source catalog: LXGW Marker Gothic,,
LXGW WenKai Mono TC,open_source,Official Google Fonts open-source catalog: LXGW WenKai Mono TC,,
LXGW WenKai TC,open_source,Official Google Fonts open-source catalog: LXGW WenKai TC,,
La Belle Aurore,open_source,Official Google Fonts open-source catalog: La Belle Aurore,,
Laica,restricted_or_trial,"Embedded font metadata or filename explicitly contains a trial, test, demo, or unlicensed marker",ABC Laica Mono Trial,Laica/ABCLaicaMonoTrial-Bold.otf
Lakki Reddy,open_source,Official Google Fonts open-source catalog: Lakki Reddy,,
Lavishly Yours,open_source,Official Google Fonts open-source catalog: Lavishly Yours,,
League Gothic,open_source,Official Google Fonts open-source catalog: League Gothic,,
League Gothic Condensed,open_source,Official Google Fonts open-source catalog: League Gothic,,
League Gothic SemiCondensed,open_source,Official Google Fonts open-source catalog: League Gothic,,
League Script,open_source,Official Google Fonts open-source catalog: League Script,,
League Spartan,open_source,Official Google Fonts open-source catalog: League Spartan,,
Leckerli One,open_source,Official Google Fonts open-source catalog: Leckerli One,,
Lemon Regular Free,free_commercial_license,Included EULA expressly permits personal and commercial projects; redistribution and font-file modification restrictions still apply,Lemon Regular Free,Lemon Regular Free/Lemon EULA.pdf
Lexend Deca,open_source,Official Google Fonts open-source catalog: Lexend Deca,,
Lexend Exa,open_source,Official Google Fonts open-source catalog: Lexend Exa,,
Lexend Giga,open_source,Official Google Fonts open-source catalog: Lexend Giga,,
Lexend Mega,open_source,Official Google Fonts open-source catalog: Lexend Mega,,
Lexend Peta,open_source,Official Google Fonts open-source catalog: Lexend Peta,,
Lexend Tera,open_source,Official Google Fonts open-source catalog: Lexend Tera,,
Lexend Zetta,open_source,Official Google Fonts open-source catalog: Lexend Zetta,,
Libertinus Keyboard,open_source,Official Google Fonts open-source catalog: Libertinus Keyboard,,
Libertinus Math,open_source,Official Google Fonts open-source catalog: Libertinus Math,,
Libertinus Mono,open_source,Official Google Fonts open-source catalog: Libertinus Mono,,
Libertinus Sans,open_source,Official Google Fonts open-source catalog: Libertinus Sans,,
Libertinus Serif,open_source,Official Google Fonts open-source catalog: Libertinus Serif,,
Libertinus Serif Display,open_source,Official Google Fonts open-source catalog: Libertinus Serif Display,,
Libre Barcode 128,open_source,Official Google Fonts open-source catalog: Libre Barcode 128,,
Libre Barcode 128 Text,open_source,Official Google Fonts open-source catalog: Libre Barcode 128 Text,,
Libre Barcode 39,open_source,Official Google Fonts open-source catalog: Libre Barcode 39,,
Libre Barcode 39 Extended,open_source,Official Google Fonts open-source catalog: Libre Barcode 39 Extended,,
Libre Barcode 39 Extended Text,open_source,Official Google Fonts open-source catalog: Libre Barcode 39 Extended Text,,
Libre Barcode 39 Text,open_source,Official Google Fonts open-source catalog: Libre Barcode 39 Text,,
Libre Barcode EAN13 Text,open_source,Official Google Fonts open-source catalog: Libre Barcode EAN13 Text,,
Libre Baskerville,open_source,Official Google Fonts open-source catalog: Libre Baskerville,,
Libre Bodoni,open_source,Official Google Fonts open-source catalog: Libre Bodoni,,
Libre Caslon Display,open_source,Official Google Fonts open-source catalog: Libre Caslon Display,,
Libre Caslon Text,open_source,Official Google Fonts open-source catalog: Libre Caslon Text,,
Libre Franklin,open_source,Official Google Fonts open-source catalog: Libre Franklin,,
Life Savers,open_source,Official Google Fonts open-source catalog: Life Savers,,
Lilita One,open_source,Official Google Fonts open-source catalog: Lilita One,,
Lily Script One,open_source,Official Google Fonts open-source catalog: Lily Script One,,
Linden Hill,open_source,Official Google Fonts open-source catalog: Linden Hill,,
Lisu Bosa,open_source,Official Google Fonts open-source catalog: Lisu Bosa,,
Liu Jian Mao Cao,open_source,Official Google Fonts open-source catalog: Liu Jian Mao Cao,,
Lobster Two,open_source,Official Google Fonts open-source catalog: Lobster Two,,
Londrina Outline,open_source,Official Google Fonts open-source catalog: Londrina Outline,,
Londrina Shadow,open_source,Official Google Fonts open-source catalog: Londrina Shadow,,
Londrina Sketch,open_source,Official Google Fonts open-source catalog: Londrina Sketch,,
Londrina Solid,open_source,Official Google Fonts open-source catalog: Londrina Solid,,
Long Cang,open_source,Official Google Fonts open-source catalog: Long Cang,,
Love Light,open_source,Official Google Fonts open-source catalog: Love Light,,
Love Ya Like A Sister,open_source,Official Google Fonts open-source catalog: Love Ya Like A Sister,,
Loved by the King,open_source,Official Google Fonts open-source catalog: Loved by the King,,
Lovers Quarrel,open_source,Official Google Fonts open-source catalog: Lovers Quarrel,,
Luckiest Guy,open_source,Official Google Fonts open-source catalog: Luckiest Guy,,
Luxurious Roman,open_source,Official Google Fonts open-source catalog: Luxurious Roman,,
Luxurious Script,open_source,Official Google Fonts open-source catalog: Luxurious Script,,
M PLUS 1,open_source,Official Google Fonts open-source catalog: M PLUS 1,,
M PLUS 1 Code,open_source,Official Google Fonts open-source catalog: M PLUS 1 Code,,
M PLUS 1p,open_source,Official Google Fonts open-source catalog: M PLUS 1p,,
M PLUS 2,open_source,Official Google Fonts open-source catalog: M PLUS 2,,
M PLUS Code Latin,open_source,Official Google Fonts open-source catalog: M PLUS Code Latin,,
M PLUS Code Latin Expanded,open_source,Official Google Fonts open-source catalog: M PLUS Code Latin,,
M PLUS Code Latin SemiExpanded,open_source,Official Google Fonts open-source catalog: M PLUS Code Latin,,
M PLUS U,open_source,Official Google Fonts open-source catalog: M PLUS U,,
MONIQA_v.1.0,free_commercial_license,Included EULA expressly permits personal and commercial projects; redistribution and font-file modification restrictions still apply,MONIQA_v.1.0,MONIQA_v.1.0/CharacterSet.pdf | MONIQA_v.1.0/License.pdf | MONIQA_v.1.0/OpenType Features - How to use.pdf
Ma Shan Zheng,open_source,Official Google Fonts open-source catalog: Ma Shan Zheng,,
Macondo Swash Caps,open_source,Official Google Fonts open-source catalog: Macondo Swash Caps,,
Madimi One,open_source,Official Google Fonts open-source catalog: Madimi One,,
Maelstrom,restricted_or_trial,"Embedded font metadata or filename explicitly contains a trial, test, demo, or unlicensed marker",Test Maelstrom,Maelstrom/TestMaelstrom-Bold.otf
Maiden Orange,open_source,Official Google Fonts open-source catalog: Maiden Orange,,
Major Mono Display,open_source,Official Google Fonts open-source catalog: Major Mono Display,,
MangoGrotesque,free_commercial_license,Included EULA expressly permits personal and commercial projects; redistribution and font-file modification restrictions still apply,MangoGrotesque,MangoGrotesque/License.pdf
Manufacturing Consent,open_source,Official Google Fonts open-source catalog: Manufacturing Consent,,
Manuka,restricted_or_trial,"Embedded font metadata or filename explicitly contains a trial, test, demo, or unlicensed marker",Test Manuka,Manuka/TestManuka-Black.otf
Marcellus SC,open_source,Official Google Fonts open-source catalog: Marcellus SC,,
Marck Script,open_source,Official Google Fonts open-source catalog: Marck Script,,
Marfa,restricted_or_trial,Dinamo documentation identifies the included variable font as a trial and directs the user to purchase a license,Marfa,Marfa/about-dinamo-variable-fonts.txt
Marist,restricted_or_trial,"Embedded font metadata or filename explicitly contains a trial, test, demo, or unlicensed marker",ABC Marist Trial,Marist/ABCMaristTrial-Black.otf
Markazi Text,open_source,Official Google Fonts open-source catalog: Markazi Text,,
Marko One,open_source,Official Google Fonts open-source catalog: Marko One,,
Martel Sans,open_source,Official Google Fonts open-source catalog: Martel Sans,,
Martian Mono,open_source,Official Google Fonts open-source catalog: Martian Mono,,
Martian Mono Condensed,open_source,Official Google Fonts open-source catalog: Martian Mono,,
Martian Mono SemiCondensed,open_source,Official Google Fonts open-source catalog: Martian Mono,,
Martian Mono SemiExpanded,open_source,Official Google Fonts open-source catalog: Martian Mono,,
Martina Plantijn,restricted_or_trial,"Embedded font metadata or filename explicitly contains a trial, test, demo, or unlicensed marker",Test Martina Plantijn,Martina Plantijn/TestMartinaPlantijn-Black.otf
Mate SC,open_source,Official Google Fonts open-source catalog: Mate SC,,
Material Icons,provenance_unknown,No matched license evidence; embedded metadata does not establish production rights,Material Icons,Material Icons/material-icons-regular.ttf
Material Icons Outlined,vendor_entitlement_review,"Identifiable vendor or foundry metadata exists, but no matched license record establishes current entitlement",Material Icons Outlined,Material Icons Outlined/material-icons-outlined-regular.otf
Material Icons Round,vendor_entitlement_review,"Identifiable vendor or foundry metadata exists, but no matched license record establishes current entitlement",Material Icons Round,Material Icons Round/material-icons-round-regular.otf
Material Icons Sharp,vendor_entitlement_review,"Identifiable vendor or foundry metadata exists, but no matched license record establishes current entitlement",Material Icons Sharp,Material Icons Sharp/material-icons-sharp-regular.otf
Material Icons Two Tone,vendor_entitlement_review,"Identifiable vendor or foundry metadata exists, but no matched license record establishes current entitlement",Material Icons Two Tone,Material Icons Two Tone/material-icons-two-tone-regular.otf
Material Symbols,open_source,Official Google Fonts open-source catalog: Material Symbols,,
Material Symbols 28pt,open_source,Official Google Fonts open-source catalog: Material Symbols,,
Material Symbols 36pt,open_source,Official Google Fonts open-source catalog: Material Symbols,,
Material Symbols 48pt,open_source,Official Google Fonts open-source catalog: Material Symbols,,
Material Symbols Filled,open_source,Official Google Fonts open-source catalog: Material Symbols,,
Material Symbols Filled 28pt,open_source,Official Google Fonts open-source catalog: Material Symbols,,
Material Symbols Filled 36pt,open_source,Official Google Fonts open-source catalog: Material Symbols,,
Material Symbols Filled 48pt,open_source,Official Google Fonts open-source catalog: Material Symbols,,
Material Symbols Filled Rounded,open_source,Official Google Fonts open-source catalog: Material Symbols,,
Material Symbols Filled Rounded 28pt,open_source,Official Google Fonts open-source catalog: Material Symbols,,
Material Symbols Filled Rounded 36pt,open_source,Official Google Fonts open-source catalog: Material Symbols,,
Material Symbols Filled Rounded 48pt,open_source,Official Google Fonts open-source catalog: Material Symbols,,
Material Symbols Outlined,open_source,Official Google Fonts open-source catalog: Material Symbols Outlined,,
Material Symbols Outlined 28pt,open_source,Official Google Fonts open-source catalog: Material Symbols Outlined,,
Material Symbols Outlined 36pt,open_source,Official Google Fonts open-source catalog: Material Symbols Outlined,,
Material Symbols Outlined 48pt,open_source,Official Google Fonts open-source catalog: Material Symbols Outlined,,
Material Symbols Outlined Filled,open_source,Official Google Fonts open-source catalog: Material Symbols Outlined,,
Material Symbols Outlined Filled 28pt,open_source,Official Google Fonts open-source catalog: Material Symbols Outlined,,
Material Symbols Outlined Filled 36pt,open_source,Official Google Fonts open-source catalog: Material Symbols Outlined,,
Material Symbols Outlined Filled 48pt,open_source,Official Google Fonts open-source catalog: Material Symbols Outlined,,
Material Symbols Rounded,open_source,Official Google Fonts open-source catalog: Material Symbols,,
Material Symbols Rounded 28pt,open_source,Official Google Fonts open-source catalog: Material Symbols,,
Material Symbols Rounded 36pt,open_source,Official Google Fonts open-source catalog: Material Symbols,,
Material Symbols Rounded 48pt,open_source,Official Google Fonts open-source catalog: Material Symbols,,
Material Symbols Sharp,open_source,Official Google Fonts open-source catalog: Material Symbols Sharp,,
Material Symbols Sharp 28pt,open_source,Official Google Fonts open-source catalog: Material Symbols Sharp,,
Material Symbols Sharp 36pt,open_source,Official Google Fonts open-source catalog: Material Symbols Sharp,,
Material Symbols Sharp 48pt,open_source,Official Google Fonts open-source catalog: Material Symbols Sharp,,
Material Symbols Sharp Filled,open_source,Official Google Fonts open-source catalog: Material Symbols Sharp,,
Material Symbols Sharp Filled 28pt,open_source,Official Google Fonts open-source catalog: Material Symbols Sharp,,
Material Symbols Sharp Filled 36pt,open_source,Official Google Fonts open-source catalog: Material Symbols Sharp,,
Material Symbols Sharp Filled 48pt,open_source,Official Google Fonts open-source catalog: Material Symbols Sharp,,
Maven Pro,open_source,Official Google Fonts open-source catalog: Maven Pro,,
Maxi,restricted_or_trial,Dinamo documentation identifies the included variable font as a trial and directs the user to purchase a license,Maxi,Maxi/about-dinamo-variable-fonts.txt
Mea Culpa,open_source,Official Google Fonts open-source catalog: Mea Culpa,,
Media Sans,restricted_or_trial,"Trial license permits testing, evaluation, comping, or presentation only; final or public work requires a non-trial license",Media Sans,Media Sans/Free trial license.txt | Media Sans/PROD-MediaSans-specimen.pdf
Medula One,open_source,Official Google Fonts open-source catalog: Medula One,,
Meera Inimai,open_source,Official Google Fonts open-source catalog: Meera Inimai,,
Meie Script,open_source,Official Google Fonts open-source catalog: Meie Script,,
Meow Script,open_source,Official Google Fonts open-source catalog: Meow Script,,
Merchant Typeface,free_commercial_license,Included EULA expressly permits personal and commercial projects; redistribution and font-file modification restrictions still apply,Merchant Typeface,Merchant Typeface/License.pdf
Merriweather Sans,open_source,Official Google Fonts open-source catalog: Merriweather Sans,,
Meshed Display,free_commercial_license,Included EULA expressly permits personal and commercial projects; redistribution and font-file modification restrictions still apply,Meshed Display,Meshed Display/License.pdf
Metal Mania,open_source,Official Google Fonts open-source catalog: Metal Mania,,
Metric,restricted_or_trial,"Embedded font metadata or filename explicitly contains a trial, test, demo, or unlicensed marker",Test Metric,Metric/TestMetric-Black.otf
Micro 5,open_source,Official Google Fonts open-source catalog: Micro 5,,
Micro 5 Charted,open_source,Official Google Fonts open-source catalog: Micro 5 Charted,,
Miltonian Tattoo,open_source,Official Google Fonts open-source catalog: Miltonian Tattoo,,
Minion Pro,legacy_provenance_review,Legacy source-renamed font file with no matched license evidence; confirm its original purchase or source before production use,Minion Pro,Minion Pro/MinionPro-BoldCnSubh [source-7608a2b0].otf
Minion Pro Bold Cond Subhead,vendor_entitlement_review,"Identifiable vendor or foundry metadata exists, but no matched license record establishes current entitlement",Minion Pro,Minion Pro Bold Cond Subhead/MinionPro-BoldCnSubh.otf
Minion Pro Cond,vendor_entitlement_review,"Identifiable vendor or foundry metadata exists, but no matched license record establishes current entitlement",Minion Pro,Minion Pro Cond/MinionPro-Cn.otf
Minion Pro Cond Italic,vendor_entitlement_review,"Identifiable vendor or foundry metadata exists, but no matched license record establishes current entitlement",Minion Pro,Minion Pro Cond Italic/MinionPro-CnIt.otf
Minion Pro Italic Display,vendor_entitlement_review,"Identifiable vendor or foundry metadata exists, but no matched license record establishes current entitlement",Minion Pro,Minion Pro Italic Display/MinionPro-ItDisp.otf
Minion Pro Semibold Caption,vendor_entitlement_review,"Identifiable vendor or foundry metadata exists, but no matched license record establishes current entitlement",Minion Pro,Minion Pro Semibold Caption/MinionPro-SemiboldCapt.otf
Minion Pro Semibold Italic,vendor_entitlement_review,"Identifiable vendor or foundry metadata exists, but no matched license record establishes current entitlement",Minion Pro,Minion Pro Semibold Italic/MinionPro-SemiboldIt.otf
Minion Std,legacy_provenance_review,Legacy source-renamed font file with no matched license evidence; confirm its original purchase or source before production use,Minion Std,Minion Std/MinionStd-Black [source-0b73caf1].otf
Mint_TRIAL,restricted_or_trial,"Explicit trial, personal-use, or unlicensed marker",Mint_TRIAL,Mint_TRIAL/EULA_trial.pdf
Miranda Sans,open_source,Official Google Fonts open-source catalog: Miranda Sans,,
Miriam Libre,open_source,Official Google Fonts open-source catalog: Miriam Libre,,
Miss Fajardose,open_source,Official Google Fonts open-source catalog: Miss Fajardose,,
Mochiy Pop One,open_source,Official Google Fonts open-source catalog: Mochiy Pop One,,
Mochiy Pop P One,open_source,Official Google Fonts open-source catalog: Mochiy Pop P One,,
Modern Antiqua,open_source,Official Google Fonts open-source catalog: Modern Antiqua,,
Modern Gothic Mono Trial,restricted_or_trial,"Explicit trial, personal-use, or unlicensed marker",,
Modern Gothic Trial,restricted_or_trial,"Explicit trial, personal-use, or unlicensed marker",,
Moirai One,open_source,Official Google Fonts open-source catalog: Moirai One,,
Momo Signature,open_source,Official Google Fonts open-source catalog: Momo Signature,,
Momo Trust Display,open_source,Official Google Fonts open-source catalog: Momo Trust Display,,
Momo Trust Sans,open_source,Official Google Fonts open-source catalog: Momo Trust Sans,,
Mona Sans Condensed,vendor_entitlement_review,"Identifiable vendor or foundry metadata exists, but no matched license record establishes current entitlement",Mona Sans,Mona Sans Condensed/mona-sans-200.ttf
Monomaniac One,open_source,Official Google Fonts open-source catalog: Monomaniac One,,
Monsieur La Doulaise,open_source,Official Google Fonts open-source catalog: Monsieur La Doulaise,,
Montagu Slab,open_source,Official Google Fonts open-source catalog: Montagu Slab,,
Montagu Slab 120pt,open_source,Official Google Fonts open-source catalog: Montagu Slab,,
Montagu Slab 24pt,open_source,Official Google Fonts open-source catalog: Montagu Slab,,
Montagu Slab 36pt,open_source,Official Google Fonts open-source catalog: Montagu Slab,,
Montagu Slab 48pt,open_source,Official Google Fonts open-source catalog: Montagu Slab,,
Montagu Slab 96pt,open_source,Official Google Fonts open-source catalog: Montagu Slab,,
Montenegrin Gothic One,open_source,Official Google Fonts open-source catalog: Montenegrin Gothic One,,
Montreal,vendor_entitlement_review,"Identifiable vendor or foundry metadata exists, but no matched license record establishes current entitlement",Montreal Bold,Montreal/Montreal Bold.otf
Montserrat Alternates,open_source,Official Google Fonts open-source catalog: Montserrat Alternates,,
Montserrat Underline,open_source,Official Google Fonts open-source catalog: Montserrat Underline,,
Monument Grotesk,restricted_or_trial,Dinamo documentation identifies the included variable font as a trial and directs the user to purchase a license,Monument Grotesk,Monument Grotesk/about-dinamo-variable-fonts.txt
Moo Lah Lah,open_source,Official Google Fonts open-source catalog: Moo Lah Lah,,
Moon Dance,open_source,Official Google Fonts open-source catalog: Moon Dance,,
Morganite,free_commercial_license,Included EULA expressly permits personal and commercial projects; redistribution and font-file modification restrictions still apply,Morganite,Morganite/License.pdf
MorganitePro™ Regular Free,free_commercial_license,Included EULA expressly permits personal and commercial projects; redistribution and font-file modification restrictions still apply,MorganitePro™ Regular Free,MorganitePro™ Regular Free/License.pdf
Mountains of Christmas,open_source,Official Google Fonts open-source catalog: Mountains of Christmas,,
Mouse Memoirs,open_source,Official Google Fonts open-source catalog: Mouse Memoirs,,
Mozilla Headline Condensed,vendor_entitlement_review,"Identifiable vendor or foundry metadata exists, but no matched license record establishes current entitlement",Mozilla Headline,Mozilla Headline Condensed/mozilla-headline-200.ttf
Mozilla Text,open_source,Official Google Fonts open-source catalog: Mozilla Text,,
Mr Bedfort,open_source,Official Google Fonts open-source catalog: Mr Bedfort,,
Mr Dafoe,open_source,Official Google Fonts open-source catalog: Mr Dafoe,,
Mr De Haviland,open_source,Official Google Fonts open-source catalog: Mr De Haviland,,
Mrs Saint Delafield,open_source,Official Google Fonts open-source catalog: Mrs Saint Delafield,,
Mrs Sheppards,open_source,Official Google Fonts open-source catalog: Mrs Sheppards,,
Ms Madi,open_source,Official Google Fonts open-source catalog: Ms Madi,,
Multima,restricted_or_trial,"Embedded font metadata or filename explicitly contains a trial, test, demo, or unlicensed marker",RB Multima Unlicensed Test,Multima/MultimaUnlicensedTest-Black.otf
My Soul,open_source,Official Google Fonts open-source catalog: My Soul,,
Myriad Pro,legacy_provenance_review,Legacy source-renamed font file with no matched license evidence; confirm its original purchase or source before production use,Myriad Pro,Myriad Pro/MyriadPro-SemiboldCondIt [source-46c0078c].otf
Mystery Quest,open_source,Official Google Fonts open-source catalog: Mystery Quest,,
Nanum Brush Script,open_source,Official Google Fonts open-source catalog: Nanum Brush Script,,
Nanum Pen,vendor_entitlement_review,"Identifiable vendor or foundry metadata exists, but no matched license record establishes current entitlement",Nanum Pen,Nanum Pen/nanum-pen-script-regular.ttf
NanumGothic,open_source,Official Google Fonts open-source catalog: Nanum Gothic,,
NanumGothicCoding,open_source,Official Google Fonts open-source catalog: Nanum Gothic Coding,,
NanumMyeongjo,open_source,Official Google Fonts open-source catalog: Nanum Myeongjo,,
Nata Sans,open_source,Official Google Fonts open-source catalog: Nata Sans,,
National,restricted_or_trial,"Embedded font metadata or filename explicitly contains a trial, test, demo, or unlicensed marker",Test National,National/TestNational-Black.otf
National 2,restricted_or_trial,"Embedded font metadata or filename explicitly contains a trial, test, demo, or unlicensed marker",Test National 2,National 2/TestNational2-Black.otf
National Park,open_source,Official Google Fonts open-source catalog: National Park,,
Nerko One,open_source,Official Google Fonts open-source catalog: Nerko One,,
Neue Campton,restricted_or_trial,"Embedded font metadata or filename explicitly contains a trial, test, demo, or unlicensed marker",RB Campton Neue Unlicensed Test,Neue Campton/NeueCamptonUnlicensedTest-Black.otf
Neue Faktum,restricted_or_trial,"Embedded font metadata or filename explicitly contains a trial, test, demo, or unlicensed marker",RB Faktum Neue Unlicensed Test,Neue Faktum/NeueFaktumUnlicensedTest-Bold.otf
Neue Faktum Condensed,restricted_or_trial,"Embedded font metadata or filename explicitly contains a trial, test, demo, or unlicensed marker",RB Faktum Neue Cond Unlicensed Test,Neue Faktum Condensed/NeueFaktumCondensedUnlicensedTest-Bold.otf
Neue Faktum Extended,restricted_or_trial,"Embedded font metadata or filename explicitly contains a trial, test, demo, or unlicensed marker",RB Faktum Neue Ext Unlicensed Test,Neue Faktum Extended/NeueFaktumExtendedUnlicensedTest-Bold.otf
Neue Freigeist,restricted_or_trial,"Embedded font metadata or filename explicitly contains a trial, test, demo, or unlicensed marker",RB Freigeist Neue Unlicensed Test,Neue Freigeist/NeueFreigeistUnlicensedTest-Black.otf
Neue Galano,restricted_or_trial,"Embedded font metadata or filename explicitly contains a trial, test, demo, or unlicensed marker",RB Galano Neue Unlicensed Test,Neue Galano/NeueGalanoUnlicensedTest-Black.otf
Neue Magnat Display,restricted_or_trial,"Embedded font metadata or filename explicitly contains a trial, test, demo, or unlicensed marker",RB Magnat Neue Display Unlicensed Test,Neue Magnat Display/NeueMagnatDisplayUnlicensedTest-Bold.otf
Neue Magnat Headline,restricted_or_trial,"Embedded font metadata or filename explicitly contains a trial, test, demo, or unlicensed marker",RB Magnat Neue Headline Unlicensed Test,Neue Magnat Headline/NeueMagnatHeadlineUnlicensedTest-Bold.otf
Neue Magnat Text,restricted_or_trial,"Embedded font metadata or filename explicitly contains a trial, test, demo, or unlicensed marker",RB Magnat Neue Text Unlicensed Test,Neue Magnat Text/NeueMagnatTextUnlicensedTest-Bold.otf
Neue Montreal,vendor_entitlement_review,"Identifiable vendor or foundry metadata exists, but no matched license record establishes current entitlement",PP Neue Montreal,Neue Montreal/PPNeueMontreal-Extrabold.otf
Neue Rational,restricted_or_trial,"Embedded font metadata or filename explicitly contains a trial, test, demo, or unlicensed marker",RB Rational Neue Unlicensed Test,Neue Rational/NeueRationalUnlicensedTest-Black.otf
Neue Rational Condensed,restricted_or_trial,"Embedded font metadata or filename explicitly contains a trial, test, demo, or unlicensed marker",RB Rational Neue Condensed Unlicensed Test,Neue Rational Condensed/NeueRationalCondensedUnlicensedTest-Black.otf
Neue Rational Mix,restricted_or_trial,"Embedded font metadata or filename explicitly contains a trial, test, demo, or unlicensed marker",RB Rational Neue Mix Unlicensed Test,Neue Rational Mix/NeueRationalMixUnlicensedTest-Bold.otf
Neue Rational Mono,restricted_or_trial,"Embedded font metadata or filename explicitly contains a trial, test, demo, or unlicensed marker",RB Rational Neue Mono Unlicensed Test,Neue Rational Mono/NeueRationalMonoUnlicensedTest-Bold.otf
Neue Rational Narrow,restricted_or_trial,"Embedded font metadata or filename explicitly contains a trial, test, demo, or unlicensed marker",RB Rational Neue Narrow Unlicensed Test,Neue Rational Narrow/NeueRationalNarrowUnlicensedTest-Black.otf
Neurath,restricted_or_trial,"Embedded font metadata or filename explicitly contains a trial, test, demo, or unlicensed marker",RB Neurath Unlicensed Test,Neurath/NeurathUnlicensedTest-Black.otf
Neurath Mono,restricted_or_trial,"Embedded font metadata or filename explicitly contains a trial, test, demo, or unlicensed marker",RB Neurath Mono Unlicensed Test,Neurath Mono/NeurathMonoUnlicensedTest-Black.otf
New Amsterdam,open_source,Official Google Fonts open-source catalog: New Amsterdam,,
New Rocker,open_source,Official Google Fonts open-source catalog: New Rocker,,
New Tegomin,open_source,Official Google Fonts open-source catalog: New Tegomin,,
NewPanam Skyline Trial,restricted_or_trial,"Explicit trial, personal-use, or unlicensed marker",NewPanam Skyline Trial,NewPanam Skyline Trial/swisstypefaces-FreeTrial_EULA.pdf
News Cycle,open_source,Official Google Fonts open-source catalog: News Cycle,,
Newzald,restricted_or_trial,"Embedded font metadata or filename explicitly contains a trial, test, demo, or unlicensed marker",Test Newzald,Newzald/TestNewzald-Black.otf
Nixie One,open_source,Official Google Fonts open-source catalog: Nixie One,,
Nohemi,free_commercial_license,Included EULA expressly permits personal and commercial projects; redistribution and font-file modification restrictions still apply,Nohemi,Nohemi/EULA.pdf
Noir,vendor_entitlement_review,"Identifiable vendor or foundry metadata exists, but no matched license record establishes current entitlement",Noir,Noir/Noir-Medium.otf
Nothing You Could Do,open_source,Official Google Fonts open-source catalog: Nothing You Could Do,,
Noticia Text,open_source,Official Google Fonts open-source catalog: Noticia Text,,
Noto Color Emoji,open_source,Official Google Fonts open-source catalog: Noto Color Emoji,,
Noto Emoji,open_source,Official Google Fonts open-source catalog: Noto Emoji,,
Noto Sans [Imported 2026-08-17],open_source,Open-source license text found,Noto Sans [Imported 2026-08-17],Noto Sans [Imported 2026-08-17]/OFL.txt | Noto Sans [Imported 2026-08-17]/README.txt
Nova Cut,open_source,Official Google Fonts open-source catalog: Nova Cut,,
Nova Flat,open_source,Official Google Fonts open-source catalog: Nova Flat,,
Nova Oval,open_source,Official Google Fonts open-source catalog: Nova Oval,,
Nova Round,open_source,Official Google Fonts open-source catalog: Nova Round,,
Nova Script,open_source,Official Google Fonts open-source catalog: Nova Script,,
Nova Slim,open_source,Official Google Fonts open-source catalog: Nova Slim,,
Nova Square,open_source,Official Google Fonts open-source catalog: Nova Square,,
NovaMono,open_source,Official Google Fonts open-source catalog: Nova Mono,,
Nunito Sans,open_source,Official Google Fonts open-source catalog: Nunito Sans,,
Nuosu SIL,open_source,Official Google Fonts open-source catalog: Nuosu SIL,,
Nylo,restricted_or_trial,"Embedded font metadata or filename explicitly contains a trial, test, demo, or unlicensed marker",RB Nylo Unlicensed Test,Nylo/NyloUnlicensedTest-Black.otf
Odibee Sans,open_source,Official Google Fonts open-source catalog: Odibee Sans,,
Odor Mean Chey,open_source,Official Google Fonts open-source catalog: Odor Mean Chey,,
Old Standard TT,open_source,Official Google Fonts open-source catalog: Old Standard TT,,
Oleo Script,open_source,Official Google Fonts open-source catalog: Oleo Script,,
Oleo Script Swash Caps,open_source,Official Google Fonts open-source catalog: Oleo Script Swash Caps,,
Oooh Baby,open_source,Official Google Fonts open-source catalog: Oooh Baby,,
Open Sans,open_source,Official Google Fonts open-source catalog: Open Sans,Open Sans,Open Sans/OFL.txt | Open Sans/README.txt
Oracle,restricted_or_trial,"Embedded font metadata or filename explicitly contains a trial, test, demo, or unlicensed marker",ABC Oracle Cyrillic Trial,Oracle/ABCOracleCyrillicTrial-Black.otf
Orelega One,open_source,Official Google Fonts open-source catalog: Orelega One,,
Origin,free_commercial_license,Included EULA expressly permits personal and commercial projects; redistribution and font-file modification restrictions still apply,Origin,Origin/Origin License.pdf
Original Surfer,open_source,Official Google Fonts open-source catalog: Original Surfer,,
Otto,restricted_or_trial,"Embedded font metadata or filename explicitly contains a trial, test, demo, or unlicensed marker",ABC Otto Trial,Otto/ABCOttoTrial-Bold.otf
Over the Rainbow,open_source,Official Google Fonts open-source catalog: Over the Rainbow,,
Overlock SC,open_source,Official Google Fonts open-source catalog: Overlock SC,,
Overpass Mono,open_source,Official Google Fonts open-source catalog: Overpass Mono,,
Oxygen Mono,open_source,Official Google Fonts open-source catalog: Oxygen Mono,,
P22 Franklin Caslon,legacy_provenance_review,Legacy source-renamed font file with no matched license evidence; confirm its original purchase or source before production use,P22 Franklin Caslon,P22 Franklin Caslon/P22FranklinCaslon-Ornaments [source-d57f9627].otf
PT Mono,open_source,Official Google Fonts open-source catalog: PT Mono,,
PT Sans,open_source,Official Google Fonts open-source catalog: PT Sans,,
PT Sans Caption,open_source,Official Google Fonts open-source catalog: PT Sans Caption,,
PT Sans Narrow,open_source,Official Google Fonts open-source catalog: PT Sans Narrow,,
PT Serif,open_source,Official Google Fonts open-source catalog: PT Serif,,
PT Serif Caption,open_source,Official Google Fonts open-source catalog: PT Serif Caption,,
Padyakke Expanded One,open_source,Official Google Fonts open-source catalog: Padyakke Expanded One,,
Palanquin Dark,open_source,Official Google Fonts open-source catalog: Palanquin Dark,,
Palette Mosaic,open_source,Official Google Fonts open-source catalog: Palette Mosaic,,
Paloma,restricted_or_trial,"Embedded font metadata or filename explicitly contains a trial, test, demo, or unlicensed marker",ABC Paloma Trial,Paloma/ABCPalomaTrial-Bold.otf
Pareto,restricted_or_trial,"Embedded font metadata or filename explicitly contains a trial, test, demo, or unlicensed marker",ABC Pareto Cyrillic Trial,Pareto/ABCParetoCyrillicTrial-Circular.otf
Passero One,open_source,Official Google Fonts open-source catalog: Passero One,,
Passion One,open_source,Official Google Fonts open-source catalog: Passion One,,
Passions Conflict,open_source,Official Google Fonts open-source catalog: Passions Conflict,,
Pathway Extreme,open_source,Official Google Fonts open-source catalog: Pathway Extreme,,
Pathway Extreme 120pt,open_source,Official Google Fonts open-source catalog: Pathway Extreme,,
Pathway Extreme 14pt,open_source,Official Google Fonts open-source catalog: Pathway Extreme,,
Pathway Extreme 28pt,open_source,Official Google Fonts open-source catalog: Pathway Extreme,,
Pathway Extreme 36pt,open_source,Official Google Fonts open-source catalog: Pathway Extreme,,
Pathway Extreme 72pt,open_source,Official Google Fonts open-source catalog: Pathway Extreme,,
Pathway Gothic One,open_source,Official Google Fonts open-source catalog: Pathway Gothic One,,
Patrick Hand,open_source,Official Google Fonts open-source catalog: Patrick Hand,,
Patrick Hand SC,open_source,Official Google Fonts open-source catalog: Patrick Hand SC,,
Patua One,open_source,Official Google Fonts open-source catalog: Patua One,,
Paytone One,open_source,Official Google Fonts open-source catalog: Paytone One,,
Pelikan,restricted_or_trial,Dinamo documentation identifies the included variable font as a trial and directs the user to purchase a license,Pelikan,Pelikan/about-dinamo-variable-fonts.txt
Permanent Marker,open_source,Official Google Fonts open-source catalog: Permanent Marker,,
Petit Formal Script,open_source,Official Google Fonts open-source catalog: Petit Formal Script,,
Pinyon Script,open_source,Official Google Fonts open-source catalog: Pinyon Script,,
Pirata One,open_source,Official Google Fonts open-source catalog: Pirata One,,
Pitch,restricted_or_trial,"Embedded font metadata or filename explicitly contains a trial, test, demo, or unlicensed marker",Test Pitch,Pitch/TestPitch-Bold.otf
Pixelify Sans,open_source,Official Google Fonts open-source catalog: Pixelify Sans,,
Playfair Display,open_source,Official Google Fonts open-source catalog: Playfair Display,,
Playfair Display SC,open_source,Official Google Fonts open-source catalog: Playfair Display SC,,
Playpen Sans,open_source,Official Google Fonts open-source catalog: Playpen Sans,,
Playpen Sans Arabic,open_source,Official Google Fonts open-source catalog: Playpen Sans Arabic,,
Playpen Sans Deva,open_source,Official Google Fonts open-source catalog: Playpen Sans Deva,,
Playpen Sans Hebrew,open_source,Official Google Fonts open-source catalog: Playpen Sans Hebrew,,
Playpen Sans Thai,open_source,Official Google Fonts open-source catalog: Playpen Sans Thai,,
Playwrite AR,open_source,Official Google Fonts open-source catalog: Playwrite AR,,
Playwrite AR Guides,open_source,Official Google Fonts open-source catalog: Playwrite AR Guides,,
Playwrite AT,open_source,Official Google Fonts open-source catalog: Playwrite AT,,
Playwrite AT Guides,open_source,Official Google Fonts open-source catalog: Playwrite AT Guides,,
Playwrite AU NSW,open_source,Official Google Fonts open-source catalog: Playwrite AU NSW,,
Playwrite AU NSW Guides,open_source,Official Google Fonts open-source catalog: Playwrite AU NSW Guides,,
Playwrite AU QLD,open_source,Official Google Fonts open-source catalog: Playwrite AU QLD,,
Playwrite AU QLD Guides,open_source,Official Google Fonts open-source catalog: Playwrite AU QLD Guides,,
Playwrite AU SA,open_source,Official Google Fonts open-source catalog: Playwrite AU SA,,
Playwrite AU SA Guides,open_source,Official Google Fonts open-source catalog: Playwrite AU SA Guides,,
Playwrite AU TAS,open_source,Official Google Fonts open-source catalog: Playwrite AU TAS,,
Playwrite AU TAS Guides,open_source,Official Google Fonts open-source catalog: Playwrite AU TAS Guides,,
Playwrite AU VIC,open_source,Official Google Fonts open-source catalog: Playwrite AU VIC,,
Playwrite AU VIC Guides,open_source,Official Google Fonts open-source catalog: Playwrite AU VIC Guides,,
Playwrite BE VLG,open_source,Official Google Fonts open-source catalog: Playwrite BE VLG,,
Playwrite BE VLG Guides,open_source,Official Google Fonts open-source catalog: Playwrite BE VLG Guides,,
Playwrite BE WAL,open_source,Official Google Fonts open-source catalog: Playwrite BE WAL,,
Playwrite BE WAL Guides,open_source,Official Google Fonts open-source catalog: Playwrite BE WAL Guides,,
Playwrite BR,open_source,Official Google Fonts open-source catalog: Playwrite BR,,
Playwrite BR Guides,open_source,Official Google Fonts open-source catalog: Playwrite BR Guides,,
Playwrite CA,open_source,Official Google Fonts open-source catalog: Playwrite CA,,
Playwrite CA Guides,open_source,Official Google Fonts open-source catalog: Playwrite CA Guides,,
Playwrite CL,open_source,Official Google Fonts open-source catalog: Playwrite CL,,
Playwrite CL Guides,open_source,Official Google Fonts open-source catalog: Playwrite CL Guides,,
Playwrite CO,open_source,Official Google Fonts open-source catalog: Playwrite CO,,
Playwrite CO Guides,open_source,Official Google Fonts open-source catalog: Playwrite CO Guides,,
Playwrite CU,open_source,Official Google Fonts open-source catalog: Playwrite CU,,
Playwrite CU Guides,open_source,Official Google Fonts open-source catalog: Playwrite CU Guides,,
Playwrite CZ,open_source,Official Google Fonts open-source catalog: Playwrite CZ,,
Playwrite CZ Guides,open_source,Official Google Fonts open-source catalog: Playwrite CZ Guides,,
Playwrite DE Grund,open_source,Official Google Fonts open-source catalog: Playwrite DE Grund,,
Playwrite DE Grund Guides,open_source,Official Google Fonts open-source catalog: Playwrite DE Grund Guides,,
Playwrite DE LA,open_source,Official Google Fonts open-source catalog: Playwrite DE LA,,
Playwrite DE LA Guides,open_source,Official Google Fonts open-source catalog: Playwrite DE LA Guides,,
Playwrite DE SAS,open_source,Official Google Fonts open-source catalog: Playwrite DE SAS,,
Playwrite DE SAS Guides,open_source,Official Google Fonts open-source catalog: Playwrite DE SAS Guides,,
Playwrite DE VA,open_source,Official Google Fonts open-source catalog: Playwrite DE VA,,
Playwrite DE VA Guides,open_source,Official Google Fonts open-source catalog: Playwrite DE VA Guides,,
Playwrite DK Loopet,open_source,Official Google Fonts open-source catalog: Playwrite DK Loopet,,
Playwrite DK Loopet Guides,open_source,Official Google Fonts open-source catalog: Playwrite DK Loopet Guides,,
Playwrite DK Uloopet,open_source,Official Google Fonts open-source catalog: Playwrite DK Uloopet,,
Playwrite DK Uloopet Guides,open_source,Official Google Fonts open-source catalog: Playwrite DK Uloopet Guides,,
Playwrite ES,open_source,Official Google Fonts open-source catalog: Playwrite ES,,
Playwrite ES Deco,open_source,Official Google Fonts open-source catalog: Playwrite ES Deco,,
Playwrite ES Deco Guides,open_source,Official Google Fonts open-source catalog: Playwrite ES Deco Guides,,
Playwrite ES Guides,open_source,Official Google Fonts open-source catalog: Playwrite ES Guides,,
Playwrite FR Moderne,open_source,Official Google Fonts open-source catalog: Playwrite FR Moderne,,
Playwrite FR Moderne Guides,open_source,Official Google Fonts open-source catalog: Playwrite FR Moderne Guides,,
Playwrite FR Trad,open_source,Official Google Fonts open-source catalog: Playwrite FR Trad,,
Playwrite FR Trad Guides,open_source,Official Google Fonts open-source catalog: Playwrite FR Trad Guides,,
Playwrite GB J,open_source,Official Google Fonts open-source catalog: Playwrite GB J,,
Playwrite GB J Guides,open_source,Official Google Fonts open-source catalog: Playwrite GB J Guides,,
Playwrite GB S,open_source,Official Google Fonts open-source catalog: Playwrite GB S,,
Playwrite GB S Guides,open_source,Official Google Fonts open-source catalog: Playwrite GB S Guides,,
Playwrite HR,open_source,Official Google Fonts open-source catalog: Playwrite HR,,
Playwrite HR Guides,open_source,Official Google Fonts open-source catalog: Playwrite HR Guides,,
Playwrite HR Lijeva,open_source,Official Google Fonts open-source catalog: Playwrite HR Lijeva,,
Playwrite HR Lijeva Guides,open_source,Official Google Fonts open-source catalog: Playwrite HR Lijeva Guides,,
Playwrite HU,open_source,Official Google Fonts open-source catalog: Playwrite HU,,
Playwrite HU Guides,open_source,Official Google Fonts open-source catalog: Playwrite HU Guides,,
Playwrite ID,open_source,Official Google Fonts open-source catalog: Playwrite ID,,
Playwrite ID Guides,open_source,Official Google Fonts open-source catalog: Playwrite ID Guides,,
Playwrite IE,open_source,Official Google Fonts open-source catalog: Playwrite IE,,
Playwrite IE Guides,open_source,Official Google Fonts open-source catalog: Playwrite IE Guides,,
Playwrite IN,open_source,Official Google Fonts open-source catalog: Playwrite IN,,
Playwrite IN Guides,open_source,Official Google Fonts open-source catalog: Playwrite IN Guides,,
Playwrite IS,open_source,Official Google Fonts open-source catalog: Playwrite IS,,
Playwrite IS Guides,open_source,Official Google Fonts open-source catalog: Playwrite IS Guides,,
Playwrite IT Moderna,open_source,Official Google Fonts open-source catalog: Playwrite IT Moderna,,
Playwrite IT Moderna Guides,open_source,Official Google Fonts open-source catalog: Playwrite IT Moderna Guides,,
Playwrite IT Trad,open_source,Official Google Fonts open-source catalog: Playwrite IT Trad,,
Playwrite IT Trad Guides,open_source,Official Google Fonts open-source catalog: Playwrite IT Trad Guides,,
Playwrite MX,open_source,Official Google Fonts open-source catalog: Playwrite MX,,
Playwrite MX Guides,open_source,Official Google Fonts open-source catalog: Playwrite MX Guides,,
Playwrite NG Modern,open_source,Official Google Fonts open-source catalog: Playwrite NG Modern,,
Playwrite NG Modern Guides,open_source,Official Google Fonts open-source catalog: Playwrite NG Modern Guides,,
Playwrite NL,open_source,Official Google Fonts open-source catalog: Playwrite NL,,
Playwrite NL Guides,open_source,Official Google Fonts open-source catalog: Playwrite NL Guides,,
Playwrite NO,open_source,Official Google Fonts open-source catalog: Playwrite NO,,
Playwrite NO Guides,open_source,Official Google Fonts open-source catalog: Playwrite NO Guides,,
Playwrite NZ,open_source,Official Google Fonts open-source catalog: Playwrite NZ,,
Playwrite NZ Basic,open_source,Official Google Fonts open-source catalog: Playwrite NZ Basic,,
Playwrite NZ Basic Guides,open_source,Official Google Fonts open-source catalog: Playwrite NZ Basic Guides,,
Playwrite NZ Guides,open_source,Official Google Fonts open-source catalog: Playwrite NZ Guides,,
Playwrite PE,open_source,Official Google Fonts open-source catalog: Playwrite PE,,
Playwrite PE Guides,open_source,Official Google Fonts open-source catalog: Playwrite PE Guides,,
Playwrite PL,open_source,Official Google Fonts open-source catalog: Playwrite PL,,
Playwrite PL Guides,open_source,Official Google Fonts open-source catalog: Playwrite PL Guides,,
Playwrite PT,open_source,Official Google Fonts open-source catalog: Playwrite PT,,
Playwrite PT Guides,open_source,Official Google Fonts open-source catalog: Playwrite PT Guides,,
Playwrite RO,open_source,Official Google Fonts open-source catalog: Playwrite RO,,
Playwrite RO Guides,open_source,Official Google Fonts open-source catalog: Playwrite RO Guides,,
Playwrite SK,open_source,Official Google Fonts open-source catalog: Playwrite SK,,
Playwrite SK Guides,open_source,Official Google Fonts open-source catalog: Playwrite SK Guides,,
Playwrite TZ,open_source,Official Google Fonts open-source catalog: Playwrite TZ,,
Playwrite TZ Guides,open_source,Official Google Fonts open-source catalog: Playwrite TZ Guides,,
Playwrite US Modern,open_source,Official Google Fonts open-source catalog: Playwrite US Modern,,
Playwrite US Modern Guides,open_source,Official Google Fonts open-source catalog: Playwrite US Modern Guides,,
Playwrite US Trad,open_source,Official Google Fonts open-source catalog: Playwrite US Trad,,
Playwrite US Trad Guides,open_source,Official Google Fonts open-source catalog: Playwrite US Trad Guides,,
Playwrite VN,open_source,Official Google Fonts open-source catalog: Playwrite VN,,
Playwrite VN Guides,open_source,Official Google Fonts open-source catalog: Playwrite VN Guides,,
Playwrite ZA,open_source,Official Google Fonts open-source catalog: Playwrite ZA,,
Playwrite ZA Guides,open_source,Official Google Fonts open-source catalog: Playwrite ZA Guides,,
Plus Jakarta Sans,open_source,Official Google Fonts open-source catalog: Plus Jakarta Sans,,
PoetsenOne,open_source,Official Google Fonts open-source catalog: Poetsen One,,
Poiret One,open_source,Official Google Fonts open-source catalog: Poiret One,,
Poller One,open_source,Official Google Fonts open-source catalog: Poller One,,
Poltawski Nowy,open_source,Official Google Fonts open-source catalog: Poltawski Nowy,,
Pontano Sans,open_source,Official Google Fonts open-source catalog: Pontano Sans,,
Poor Story,open_source,Official Google Fonts open-source catalog: Poor Story,,
Poppins,open_source,Official Google Fonts open-source catalog: Poppins,,
Port Lligat Sans,open_source,Official Google Fonts open-source catalog: Port Lligat Sans,,
Port Lligat Slab,open_source,Official Google Fonts open-source catalog: Port Lligat Slab,,
Potta One,open_source,Official Google Fonts open-source catalog: Potta One,,
Pragati Narrow,open_source,Official Google Fonts open-source catalog: Pragati Narrow,,
Press Start 2P,open_source,Official Google Fonts open-source catalog: Press Start 2P,,
Princess Sofia,open_source,Official Google Fonts open-source catalog: Princess Sofia,,
Prophet,restricted_or_trial,"Embedded font metadata or filename explicitly contains a trial, test, demo, or unlicensed marker",ABC Prophet Trial,Prophet/ABCProphetTrial-Bold.otf
Prosto One,open_source,Official Google Fonts open-source catalog: Prosto One,,
Protest Guerrilla,open_source,Official Google Fonts open-source catalog: Protest Guerrilla,,
Protest Revolution,open_source,Official Google Fonts open-source catalog: Protest Revolution,,
Protest Riot,open_source,Official Google Fonts open-source catalog: Protest Riot,,
Protest Strike,open_source,Official Google Fonts open-source catalog: Protest Strike,,
Proxima Nova,vendor_entitlement_review,"Identifiable vendor or foundry metadata exists, but no matched license record establishes current entitlement",Proxima Nova,Proxima Nova/ProximaNova-Bold.otf
Proza Libre,open_source,Official Google Fonts open-source catalog: Proza Libre,,
Public Sans,open_source,Official Google Fonts open-source catalog: Public Sans,,
Publisher,restricted_or_trial,"Embedded font metadata or filename explicitly contains a trial, test, demo, or unlicensed marker",ABC Publisher Rounded Mix Condensed Trial,Publisher/ABCPublisherRoundedMixCondensedTrial-Black.otf
Puppies Play,open_source,Official Google Fonts open-source catalog: Puppies Play,,
Purple Purse,open_source,Official Google Fonts open-source catalog: Purple Purse,,
Quaria Display,restricted_or_trial,"Embedded font metadata or filename explicitly contains a trial, test, demo, or unlicensed marker",RB Quaria Display Unlicensed Test,Quaria Display/QuariaDisplayUnlicensedTest-Bold.otf
Quaria Text,restricted_or_trial,"Embedded font metadata or filename explicitly contains a trial, test, demo, or unlicensed marker",RB Quaria Text Unlicensed Test,Quaria Text/QuariaTextUnlicensedTest-Bold.otf
Quattrocento Sans,open_source,Official Google Fonts open-source catalog: Quattrocento Sans,,
Qwitcher Grypen,open_source,Official Google Fonts open-source catalog: Qwitcher Grypen,,
RB Campton Neue Unlicensed Test,restricted_or_trial,"Explicit trial, personal-use, or unlicensed marker",,
RB Faktum Neue Cond Unlicensed Test,restricted_or_trial,"Explicit trial, personal-use, or unlicensed marker",,
RB Faktum Neue Ext Unlicensed Test,restricted_or_trial,"Explicit trial, personal-use, or unlicensed marker",,
RB Faktum Neue Unlicensed Test,restricted_or_trial,"Explicit trial, personal-use, or unlicensed marker",,
RB Freigeist Neue Unlicensed Test,restricted_or_trial,"Explicit trial, personal-use, or unlicensed marker",,
RB Galano Neue Unlicensed Test,restricted_or_trial,"Explicit trial, personal-use, or unlicensed marker",,
RB Kreol Display Unlicensed Test,restricted_or_trial,"Explicit trial, personal-use, or unlicensed marker",,
RB Kreol Headline Unlicensed Test,restricted_or_trial,"Explicit trial, personal-use, or unlicensed marker",,
RB Kreol Text Unlicensed Test,restricted_or_trial,"Explicit trial, personal-use, or unlicensed marker",,
RB Magnat Neue Display Unlicensed Test,restricted_or_trial,"Explicit trial, personal-use, or unlicensed marker",,
RB Magnat Neue Headline Unlicensed Test,restricted_or_trial,"Explicit trial, personal-use, or unlicensed marker",,
RB Magnat Neue Text Unlicensed Test,restricted_or_trial,"Explicit trial, personal-use, or unlicensed marker",,
RB Multima Unlicensed Test,restricted_or_trial,"Explicit trial, personal-use, or unlicensed marker",,
RB Neurath Mono Unlicensed Test,restricted_or_trial,"Explicit trial, personal-use, or unlicensed marker",,
RB Neurath Unlicensed Test,restricted_or_trial,"Explicit trial, personal-use, or unlicensed marker",,
RB Nylo Unlicensed Test,restricted_or_trial,"Explicit trial, personal-use, or unlicensed marker",,
RB Quaria Display Unlicensed Test,restricted_or_trial,"Explicit trial, personal-use, or unlicensed marker",,
RB Quaria Text Unlicensed Test,restricted_or_trial,"Explicit trial, personal-use, or unlicensed marker",,
RB Rational Neue Condensed Unlicensed Test,restricted_or_trial,"Explicit trial, personal-use, or unlicensed marker",,
RB Rational Neue Mix Unlicensed Test,restricted_or_trial,"Explicit trial, personal-use, or unlicensed marker",,
RB Rational Neue Mono Unlicensed Test,restricted_or_trial,"Explicit trial, personal-use, or unlicensed marker",,
RB Rational Neue Narrow Unlicensed Test,restricted_or_trial,"Explicit trial, personal-use, or unlicensed marker",,
RB Rational Neue Unlicensed Test,restricted_or_trial,"Explicit trial, personal-use, or unlicensed marker",,
RB Spyk Display Unlicensed Test,restricted_or_trial,"Explicit trial, personal-use, or unlicensed marker",,
RB Spyk Text Unlicensed Test,restricted_or_trial,"Explicit trial, personal-use, or unlicensed marker",,
RB Stakkat Unlicensed Test,restricted_or_trial,"Explicit trial, personal-use, or unlicensed marker",,
RB Vitruv Display Unlicensed Test,restricted_or_trial,"Explicit trial, personal-use, or unlicensed marker",,
RB Vitruv Headline Unlicensed Test,restricted_or_trial,"Explicit trial, personal-use, or unlicensed marker",,
RB Vitruv Text Unlicensed Test,restricted_or_trial,"Explicit trial, personal-use, or unlicensed marker",,
ROM,restricted_or_trial,Dinamo documentation identifies the included variable font as a trial and directs the user to purchase a license,ROM,ROM/about-dinamo-variable-fonts.txt
Racing Sans One,open_source,Official Google Fonts open-source catalog: Racing Sans One,,
Radio Canada,open_source,Official Google Fonts open-source catalog: Radio Canada,,
Radio Canada Big,open_source,Official Google Fonts open-source catalog: Radio Canada Big,,
Radio Canada Condensed,open_source,Official Google Fonts open-source catalog: Radio Canada,,
Radio Canada SemiCondensed,open_source,Official Google Fonts open-source catalog: Radio Canada,,
Raleway Dots,open_source,Official Google Fonts open-source catalog: Raleway Dots,,
Rammetto One,open_source,Official Google Fonts open-source catalog: Rammetto One,,
Rampart One,open_source,Official Google Fonts open-source catalog: Rampart One,,
Ravi Prakash,open_source,Official Google Fonts open-source catalog: Ravi Prakash,,
Readex Pro,open_source,Official Google Fonts open-source catalog: Readex Pro,,
Reclaim the Streets,legacy_provenance_review,Legacy source-renamed font file with no matched license evidence; confirm its original purchase or source before production use,Reclaim the Streets,Reclaim the Streets/ARIAL RTS [source-533325ef].ttf
Red Hat Display,open_source,Official Google Fonts open-source catalog: Red Hat Display,,
Red Hat Mono,open_source,Official Google Fonts open-source catalog: Red Hat Mono,,
Red Hat Text,open_source,Official Google Fonts open-source catalog: Red Hat Text,,
Red Rose,open_source,Official Google Fonts open-source catalog: Red Rose,,
Redacted Script,open_source,Official Google Fonts open-source catalog: Redacted Script,,
Reddit Mono,open_source,Official Google Fonts open-source catalog: Reddit Mono,,
Reddit Sans,open_source,Official Google Fonts open-source catalog: Reddit Sans,,
Reddit Sans Condensed,open_source,Official Google Fonts open-source catalog: Reddit Sans Condensed,,
Reem Kufi,open_source,Official Google Fonts open-source catalog: Reem Kufi,,
Reem Kufi Fun,open_source,Official Google Fonts open-source catalog: Reem Kufi Fun,,
Reem Kufi Ink,open_source,Official Google Fonts open-source catalog: Reem Kufi Ink,,
Reenie Beanie,open_source,Official Google Fonts open-source catalog: Reenie Beanie,,
Reggae One,open_source,Official Google Fonts open-source catalog: Reggae One,,
Reign Regular Trial,restricted_or_trial,"Explicit trial, personal-use, or unlicensed marker",Reign Regular Trial,Reign Regular Trial/Reign_EULA.pdf
Repro,restricted_or_trial,Dinamo documentation identifies the included variable font as a trial and directs the user to purchase a license,Repro,Repro/about-dinamo-variable-fonts.txt
Rethink Sans,open_source,Official Google Fonts open-source catalog: Rethink Sans,,
Rhetorik Sans Trial,restricted_or_trial,"Explicit trial, personal-use, or unlicensed marker",,
Rhetorik Serif Trial,restricted_or_trial,"Explicit trial, personal-use, or unlicensed marker",,
Rhodium Libre,open_source,Official Google Fonts open-source catalog: Rhodium Libre,,
Ribeye Marrow,open_source,Official Google Fonts open-source catalog: Ribeye Marrow,,
Road Rage,open_source,Official Google Fonts open-source catalog: Road Rage,,
Roboto Condensed,open_source,Official Google Fonts open-source catalog: Roboto Condensed,,
Roboto Flex,open_source,Official Google Fonts open-source catalog: Roboto Flex,,
Roboto Mono,open_source,Official Google Fonts open-source catalog: Roboto Mono,,
Roboto Serif,open_source,Official Google Fonts open-source catalog: Roboto Serif,,
Roboto Slab,open_source,Official Google Fonts open-source catalog: Roboto Slab,,
Rock 3D,open_source,Official Google Fonts open-source catalog: Rock 3D,,
Rock Salt,open_source,Official Google Fonts open-source catalog: Rock Salt,,
RocknRoll One,open_source,Official Google Fonts open-source catalog: RocknRoll One,,
Ropa Sans,open_source,Official Google Fonts open-source catalog: Ropa Sans,,
Rouge Script,open_source,Official Google Fonts open-source catalog: Rouge Script,,
Rounded Mplus 1c,vendor_entitlement_review,"Identifiable vendor or foundry metadata exists, but no matched license record establishes current entitlement",Rounded Mplus 1c,Rounded Mplus 1c/m-plus-rounded-1c-100.ttf
Rozha One,open_source,Official Google Fonts open-source catalog: Rozha One,,
Rubik 80s Fade,open_source,Official Google Fonts open-source catalog: Rubik 80s Fade,,
Rubik Beastly,open_source,Official Google Fonts open-source catalog: Rubik Beastly,,
Rubik Broken Fax,open_source,Official Google Fonts open-source catalog: Rubik Broken Fax,,
Rubik Bubbles,open_source,Official Google Fonts open-source catalog: Rubik Bubbles,,
Rubik Burned,open_source,Official Google Fonts open-source catalog: Rubik Burned,,
Rubik Dirt,open_source,Official Google Fonts open-source catalog: Rubik Dirt,,
Rubik Distressed,open_source,Official Google Fonts open-source catalog: Rubik Distressed,,
Rubik Doodle Shadow,open_source,Official Google Fonts open-source catalog: Rubik Doodle Shadow,,
Rubik Doodle Triangles,open_source,Official Google Fonts open-source catalog: Rubik Doodle Triangles,,
Rubik Gemstones,open_source,Official Google Fonts open-source catalog: Rubik Gemstones,,
Rubik Glitch,open_source,Official Google Fonts open-source catalog: Rubik Glitch,,
Rubik Glitch Pop,open_source,Official Google Fonts open-source catalog: Rubik Glitch Pop,,
Rubik Iso,open_source,Official Google Fonts open-source catalog: Rubik Iso,,
Rubik Lines,open_source,Official Google Fonts open-source catalog: Rubik Lines,,
Rubik Maps,open_source,Official Google Fonts open-source catalog: Rubik Maps,,
Rubik Marker Hatch,open_source,Official Google Fonts open-source catalog: Rubik Marker Hatch,,
Rubik Maze,open_source,Official Google Fonts open-source catalog: Rubik Maze,,
Rubik Microbe,open_source,Official Google Fonts open-source catalog: Rubik Microbe,,
Rubik Mono One,open_source,Official Google Fonts open-source catalog: Rubik Mono One,,
Rubik Moonrocks,open_source,Official Google Fonts open-source catalog: Rubik Moonrocks,,
Rubik Pixels,open_source,Official Google Fonts open-source catalog: Rubik Pixels,,
Rubik Puddles,open_source,Official Google Fonts open-source catalog: Rubik Puddles,,
Rubik Scribble,open_source,Official Google Fonts open-source catalog: Rubik Scribble,,
Rubik Spray Paint,open_source,Official Google Fonts open-source catalog: Rubik Spray Paint,,
Rubik Storm,open_source,Official Google Fonts open-source catalog: Rubik Storm,,
Rubik Vinyl,open_source,Official Google Fonts open-source catalog: Rubik Vinyl,,
Rubik Wet Paint,open_source,Official Google Fonts open-source catalog: Rubik Wet Paint,,
Ruge Boogie,open_source,Official Google Fonts open-source catalog: Ruge Boogie,,
Rum Raisin,open_source,Official Google Fonts open-source catalog: Rum Raisin,,
Ruslan Display,open_source,Official Google Fonts open-source catalog: Ruslan Display,,
Russo One,open_source,Official Google Fonts open-source catalog: Russo One,,
SN Pro,open_source,Official Google Fonts open-source catalog: SN Pro,,
STIX Two Math,open_source,Official Google Fonts open-source catalog: STIX Two Math,,
STIX Two Text,open_source,Official Google Fonts open-source catalog: STIX Two Text,,
SUSE Mono,open_source,Official Google Fonts open-source catalog: SUSE Mono,,
Saira Stencil,open_source,Official Google Fonts open-source catalog: Saira Stencil,,
Saira Stencil Condensed,open_source,Official Google Fonts open-source catalog: Saira Stencil,,
Saira Stencil Expanded,open_source,Official Google Fonts open-source catalog: Saira Stencil,,
Saira Stencil ExtraCondensed,open_source,Official Google Fonts open-source catalog: Saira Stencil,,
Saira Stencil SemiCondensed,open_source,Official Google Fonts open-source catalog: Saira Stencil,,
Saira Stencil SemiExpanded,open_source,Official Google Fonts open-source catalog: Saira Stencil,,
Saira Stencil UltraCondensed,open_source,Official Google Fonts open-source catalog: Saira Stencil,,
Sankofa Display,open_source,Official Google Fonts open-source catalog: Sankofa Display,,
SansPlomb_TRIAL,restricted_or_trial,"Explicit trial, personal-use, or unlicensed marker",SansPlomb_TRIAL,SansPlomb_TRIAL/EULA_trial.pdf
Sansita Swashed,open_source,Official Google Fonts open-source catalog: Sansita Swashed,,
Sassy Frass,open_source,Official Google Fonts open-source catalog: Sassy Frass,,
Sawarabi Gothic,open_source,Official Google Fonts open-source catalog: Sawarabi Gothic,,
Sawarabi Mincho,open_source,Official Google Fonts open-source catalog: Sawarabi Mincho,,
Scheherazade New,open_source,Official Google Fonts open-source catalog: Scheherazade New,,
Schengen,restricted_or_trial,Dinamo documentation identifies the included variable font as a trial and directs the user to purchase a license,Schengen,Schengen/about-dinamo-variable-fonts.txt
Schibsted Grotesk,open_source,Official Google Fonts open-source catalog: Schibsted Grotesk,,
Science Gothic,open_source,Official Google Fonts open-source catalog: Science Gothic,,
Science Gothic Condensed,open_source,Official Google Fonts open-source catalog: Science Gothic,,
Science Gothic Expanded,open_source,Official Google Fonts open-source catalog: Science Gothic,,
Science Gothic ExtraCondensed,open_source,Official Google Fonts open-source catalog: Science Gothic,,
Science Gothic ExtraExpanded,open_source,Official Google Fonts open-source catalog: Science Gothic,,
Science Gothic SemiCondensed,open_source,Official Google Fonts open-source catalog: Science Gothic,,
Science Gothic SemiExpanded,open_source,Official Google Fonts open-source catalog: Science Gothic,,
Science Gothic UltraCondensed,open_source,Official Google Fonts open-source catalog: Science Gothic,,
Science Gothic UltraExpanded,open_source,Official Google Fonts open-source catalog: Science Gothic,,
Scope One,open_source,Official Google Fonts open-source catalog: Scope One,,
Seaweed Script,open_source,Official Google Fonts open-source catalog: Seaweed Script,,
Secular One,open_source,Official Google Fonts open-source catalog: Secular One,,
Sedan SC,open_source,Official Google Fonts open-source catalog: Sedan SC,,
Sedgwick Ave,open_source,Official Google Fonts open-source catalog: Sedgwick Ave,,
Sedgwick Ave Display,open_source,Official Google Fonts open-source catalog: Sedgwick Ave Display,,
Send Flowers,open_source,Official Google Fonts open-source catalog: Send Flowers,,
Seymour One,open_source,Official Google Fonts open-source catalog: Seymour One,,
Shadows Into Light,open_source,Official Google Fonts open-source catalog: Shadows Into Light,,
Shadows Into Light Two,open_source,Official Google Fonts open-source catalog: Shadows Into Light Two,,
Shantell Sans,open_source,Official Google Fonts open-source catalog: Shantell Sans,,
Share Tech,open_source,Official Google Fonts open-source catalog: Share Tech,,
Share Tech Mono,open_source,Official Google Fonts open-source catalog: Share Tech Mono,,
Shippori Antique,open_source,Official Google Fonts open-source catalog: Shippori Antique,,
Shippori Antique B1,open_source,Official Google Fonts open-source catalog: Shippori Antique B1,,
Shippori Mincho,open_source,Official Google Fonts open-source catalog: Shippori Mincho,,
Shippori Mincho B1,open_source,Official Google Fonts open-source catalog: Shippori Mincho B1,,
Short Stack,open_source,Official Google Fonts open-source catalog: Short Stack,,
Sigmar One,open_source,Official Google Fonts open-source catalog: Sigmar One,,
Signifier,restricted_or_trial,"Embedded font metadata or filename explicitly contains a trial, test, demo, or unlicensed marker",Test Signifier,Signifier/TestSignifier-Black.otf
Signika Negative,open_source,Official Google Fonts open-source catalog: Signika Negative,,
SirinStencil,open_source,Official Google Fonts open-source catalog: Sirin Stencil,,
Six Caps,open_source,Official Google Fonts open-source catalog: Six Caps,,
Sixtyfour Convergence,open_source,Official Google Fonts open-source catalog: Sixtyfour Convergence,,
Slabo 13px,open_source,Official Google Fonts open-source catalog: Slabo 13px,,
Slabo 27px,open_source,Official Google Fonts open-source catalog: Slabo 27px,,
Slackside One,open_source,Official Google Fonts open-source catalog: Slackside One,,
Smooch Sans,open_source,Official Google Fonts open-source catalog: Smooch Sans,,
Snowburst One,open_source,Official Google Fonts open-source catalog: Snowburst One,,
Sober Regular Free,free_commercial_license,Included EULA expressly permits personal and commercial projects; redistribution and font-file modification restrictions still apply,Sober Regular Free,Sober Regular Free/Sober EULA.pdf
Social,restricted_or_trial,Dinamo documentation identifies the included variable font as a trial and directs the user to purchase a license,Social,Social/about-dinamo-variable-fonts.txt
Sofadi One,open_source,Official Google Fonts open-source catalog: Sofadi One,,
Sofia Sans,open_source,Official Google Fonts open-source catalog: Sofia Sans,,
Sofia Sans Condensed,open_source,Official Google Fonts open-source catalog: Sofia Sans Condensed,,
Sofia Sans Extra Condensed,open_source,Official Google Fonts open-source catalog: Sofia Sans Extra Condensed,,
Sofia Sans Semi Condensed,open_source,Official Google Fonts open-source catalog: Sofia Sans Semi Condensed,,
Solar,restricted_or_trial,Dinamo documentation identifies the included variable font as a trial and directs the user to purchase a license,Solar,Solar/about-dinamo-variable-fonts.txt
Sometype Mono,open_source,Official Google Fonts open-source catalog: Sometype Mono,,
Sonsie One,open_source,Official Google Fonts open-source catalog: Sonsie One,,
Sorts Mill Goudy,open_source,Official Google Fonts open-source catalog: Sorts Mill Goudy,,
Sour Gummy,open_source,Official Google Fonts open-source catalog: Sour Gummy,,
Source Code Pro,open_source,Official Google Fonts open-source catalog: Source Code Pro,,
Source Sans 3,open_source,Official Google Fonts open-source catalog: Source Sans 3,,
Source Serif 4 48pt,vendor_entitlement_review,"Identifiable vendor or foundry metadata exists, but no matched license record establishes current entitlement",Source Serif 4 18pt,Source Serif 4 48pt/source-serif-4-18pt-black.ttf
Space Grotesk,open_source,Official Google Fonts open-source catalog: Space Grotesk,,
Space Mono,open_source,Official Google Fonts open-source catalog: Space Mono,,
Special Elite,open_source,Official Google Fonts open-source catalog: Special Elite,,
Special Gothic,open_source,Official Google Fonts open-source catalog: Special Gothic,,
Special Gothic Condensed,open_source,Official Google Fonts open-source catalog: Special Gothic,,
Special Gothic Condensed One,open_source,Official Google Fonts open-source catalog: Special Gothic Condensed One,,
Special Gothic Expanded,open_source,Official Google Fonts open-source catalog: Special Gothic,,
Special Gothic Expanded One,open_source,Official Google Fonts open-source catalog: Special Gothic Expanded One,,
Special Gothic SemiCondensed,open_source,Official Google Fonts open-source catalog: Special Gothic,,
Special Gothic SemiExpanded,open_source,Official Google Fonts open-source catalog: Special Gothic,,
Spectral SC,open_source,Official Google Fonts open-source catalog: Spectral SC,,
Spicy Rice,open_source,Official Google Fonts open-source catalog: Spicy Rice,,
Spline Sans,open_source,Official Google Fonts open-source catalog: Spline Sans,,
Spline Sans Mono,open_source,Official Google Fonts open-source catalog: Spline Sans Mono,,
Spyk Display,restricted_or_trial,"Embedded font metadata or filename explicitly contains a trial, test, demo, or unlicensed marker",RB Spyk Display Unlicensed Test,Spyk Display/SpykDisplayUnlicensedTest-Black.otf
Spyk Text,restricted_or_trial,"Embedded font metadata or filename explicitly contains a trial, test, demo, or unlicensed marker",RB Spyk Text Unlicensed Test,Spyk Text/SpykTextUnlicensedTest-Black.otf
Squada One,open_source,Official Google Fonts open-source catalog: Squada One,,
Square Peg,open_source,Official Google Fonts open-source catalog: Square Peg,,
Sree Krushnadevaraya,open_source,Official Google Fonts open-source catalog: Sree Krushnadevaraya,,
Stack Sans Headline,open_source,Official Google Fonts open-source catalog: Stack Sans Headline,,
Stack Sans Notch,open_source,Official Google Fonts open-source catalog: Stack Sans Notch,,
Stack Sans Text,open_source,Official Google Fonts open-source catalog: Stack Sans Text,,
Stakkat,restricted_or_trial,"Embedded font metadata or filename explicitly contains a trial, test, demo, or unlicensed marker",RB Stakkat Unlicensed Test,Stakkat/StakkatUnlicensedTest-Bold.otf
Stalinist One,open_source,Official Google Fonts open-source catalog: Stalinist One,,
Stardos Stencil,open_source,Official Google Fonts open-source catalog: Stardos Stencil,,
Stefan,restricted_or_trial,"Embedded font metadata or filename explicitly contains a trial, test, demo, or unlicensed marker",ABC Stefan Trial,Stefan/ABCStefanTrial-Bubble.otf
Stick No Bills,open_source,Official Google Fonts open-source catalog: Stick No Bills,,
Stint Ultra Condensed,open_source,Official Google Fonts open-source catalog: Stint Ultra Condensed,,
Stint Ultra Expanded,open_source,Official Google Fonts open-source catalog: Stint Ultra Expanded,,
Story Script,open_source,Official Google Fonts open-source catalog: Story Script,,
Strawford,provenance_unknown,No matched license evidence; embedded metadata does not establish production rights,Strawford,Strawford/Strawford-Regular.otf
Strichpunkt Sans,open_source,Official Google Fonts open-source catalog: Strichpunkt Sans,,
Strichpunkt Sans Expanded,open_source,Official Google Fonts open-source catalog: Strichpunkt Sans,,
Strichpunkt Sans ExtraExpanded,open_source,Official Google Fonts open-source catalog: Strichpunkt Sans,,
Strichpunkt Sans SemiExpanded,open_source,Official Google Fonts open-source catalog: Strichpunkt Sans,,
Strichpunkt Sans UltraExpanded,open_source,Official Google Fonts open-source catalog: Strichpunkt Sans,,
Style Script,open_source,Official Google Fonts open-source catalog: Style Script,,
Sudestada,legacy_provenance_review,Legacy source-renamed font file with no matched license evidence; confirm its original purchase or source before production use,Sudestada,Sudestada/Sudestada-Regular [source-54ef41d9].otf
Sue Ellen Francisco,open_source,Official Google Fonts open-source catalog: Sue Ellen Francisco,,
Suez One,open_source,Official Google Fonts open-source catalog: Suez One,,
Sulphur Point,open_source,Official Google Fonts open-source catalog: Sulphur Point,,
Supermercado,vendor_entitlement_review,"Identifiable vendor or foundry metadata exists, but no matched license record establishes current entitlement",Supermercado,Supermercado/supermercado-one-regular.ttf
Swanky and Moo Moo,open_source,Official Google Fonts open-source catalog: Swanky and Moo Moo,,
Synchrony Sans,vendor_entitlement_review,"Identifiable vendor or foundry metadata exists, but no matched license record establishes current entitlement",Synchrony Sans,Synchrony Sans/Synchrony Sans Bold Italic-v100.otf
Syne Mono,open_source,Official Google Fonts open-source catalog: Syne Mono,,
Syne Tactile,open_source,Official Google Fonts open-source catalog: Syne Tactile,,
Synt,restricted_or_trial,"Embedded font metadata or filename explicitly contains a trial, test, demo, or unlicensed marker",ABC Synt Mono Trial,Synt/ABCSyntMonoTrial-Regular.otf
Söhne,restricted_or_trial,"Embedded font metadata or filename explicitly contains a trial, test, demo, or unlicensed marker",Test Söhne,Söhne/TestSöhne-Dreiviertelfett.otf
TASA Explorer,open_source,Official Google Fonts open-source catalog: TASA Explorer,,
TASA Orbiter,open_source,Official Google Fonts open-source catalog: TASA Orbiter,,
THUNDER,free_commercial_license,Included EULA expressly permits personal and commercial projects; redistribution and font-file modification restrictions still apply,THUNDER,THUNDER/License.pdf
Tac One,open_source,Official Google Fonts open-source catalog: Tac One,,
Tai Heritage Pro,open_source,Official Google Fonts open-source catalog: Tai Heritage Pro,,
Tekton Pro,legacy_provenance_review,Legacy source-renamed font file with no matched license evidence; confirm its original purchase or source before production use,Tekton Pro,Tekton Pro/TektonPro-LightExtObl [source-69d76fd6].otf
Tenali Ramakrishna,open_source,Official Google Fonts open-source catalog: Tenali Ramakrishna,,
Tenor Sans,open_source,Official Google Fonts open-source catalog: Tenor Sans,,
Test Signifier,restricted_or_trial,"Embedded font metadata or filename explicitly contains a trial, test, demo, or unlicensed marker",Test Signifier,Test Signifier/TestSignifier-Black-BF663d8461d0303.otf
Text Me One,open_source,Official Google Fonts open-source catalog: Text Me One,,
The Future,restricted_or_trial,"Embedded font metadata or filename explicitly contains a trial, test, demo, or unlicensed marker",Test The Future,The Future/TestTheFuture-Black.otf
The Girl Next Door,open_source,Official Google Fonts open-source catalog: The Girl Next Door,,
The Nautigal,open_source,Official Google Fonts open-source catalog: The Nautigal,,
Tiempos,restricted_or_trial,"Embedded font metadata or filename explicitly contains a trial, test, demo, or unlicensed marker",Test Tiempos Fine,Tiempos/TestTiemposFine-Black.otf
TikTok Sans,open_source,Official Google Fonts open-source catalog: TikTok Sans,,
TikTok Sans 18pt,open_source,Official Google Fonts open-source catalog: TikTok Sans,,
TikTok Sans 18pt Condensed,open_source,Official Google Fonts open-source catalog: TikTok Sans,,
TikTok Sans 18pt Expanded,open_source,Official Google Fonts open-source catalog: TikTok Sans,,
TikTok Sans 18pt ExtraExpanded,open_source,Official Google Fonts open-source catalog: TikTok Sans,,
TikTok Sans 18pt SemiCondensed,open_source,Official Google Fonts open-source catalog: TikTok Sans,,
TikTok Sans 18pt SemiExpanded,open_source,Official Google Fonts open-source catalog: TikTok Sans,,
TikTok Sans 24pt,open_source,Official Google Fonts open-source catalog: TikTok Sans,,
TikTok Sans 24pt Condensed,open_source,Official Google Fonts open-source catalog: TikTok Sans,,
TikTok Sans 24pt Expanded,open_source,Official Google Fonts open-source catalog: TikTok Sans,,
TikTok Sans 24pt ExtraExpanded,open_source,Official Google Fonts open-source catalog: TikTok Sans,,
TikTok Sans 24pt SemiCondensed,open_source,Official Google Fonts open-source catalog: TikTok Sans,,
TikTok Sans 24pt SemiExpanded,open_source,Official Google Fonts open-source catalog: TikTok Sans,,
TikTok Sans 28pt,open_source,Official Google Fonts open-source catalog: TikTok Sans,,
TikTok Sans 28pt Condensed,open_source,Official Google Fonts open-source catalog: TikTok Sans,,
TikTok Sans 28pt Expanded,open_source,Official Google Fonts open-source catalog: TikTok Sans,,
TikTok Sans 28pt ExtraExpanded,open_source,Official Google Fonts open-source catalog: TikTok Sans,,
TikTok Sans 28pt SemiCondensed,open_source,Official Google Fonts open-source catalog: TikTok Sans,,
TikTok Sans 28pt SemiExpanded,open_source,Official Google Fonts open-source catalog: TikTok Sans,,
TikTok Sans Condensed,open_source,Official Google Fonts open-source catalog: TikTok Sans,,
TikTok Sans Expanded,open_source,Official Google Fonts open-source catalog: TikTok Sans,,
TikTok Sans ExtraExpanded,open_source,Official Google Fonts open-source catalog: TikTok Sans,,
TikTok Sans SemiCondensed,open_source,Official Google Fonts open-source catalog: TikTok Sans,,
TikTok Sans SemiExpanded,open_source,Official Google Fonts open-source catalog: TikTok Sans,,
Tilt Neon,open_source,Official Google Fonts open-source catalog: Tilt Neon,,
Tilt Prism,open_source,Official Google Fonts open-source catalog: Tilt Prism,,
Tilt Warp,open_source,Official Google Fonts open-source catalog: Tilt Warp,,
Tiro Devanagari Hindi,open_source,Official Google Fonts open-source catalog: Tiro Devanagari Hindi,,
Titan One,open_source,Official Google Fonts open-source catalog: Titan One,,
Titillium Web,open_source,Official Google Fonts open-source catalog: Titillium Web,,
Trade Winds,open_source,Official Google Fonts open-source catalog: Trade Winds,,
Train One,open_source,Official Google Fonts open-source catalog: Train One,,
Tsukimi Rounded,open_source,Official Google Fonts open-source catalog: Tsukimi Rounded,,
Tulpen One,open_source,Official Google Fonts open-source catalog: Tulpen One,,
Turret Road,open_source,Official Google Fonts open-source catalog: Turret Road,,
Twinkle Star,open_source,Official Google Fonts open-source catalog: Twinkle Star,,
Ubuntu Condensed,open_source,Official Google Fonts open-source catalog: Ubuntu Condensed,,
Ubuntu Mono,open_source,Official Google Fonts open-source catalog: Ubuntu Mono,,
Ubuntu Sans Condensed,vendor_entitlement_review,"Identifiable vendor or foundry metadata exists, but no matched license record establishes current entitlement",Ubuntu Sans,Ubuntu Sans Condensed/ubuntu-sans-100.ttf
Ubuntu Sans Mono,open_source,Official Google Fonts open-source catalog: Ubuntu Sans Mono,,
Uncial Antiqua,open_source,Official Google Fonts open-source catalog: Uncial Antiqua,,
Unica One,open_source,Official Google Fonts open-source catalog: Unica One,,
Unique,free_commercial_license,Included EULA expressly permits personal and commercial projects; redistribution and font-file modification restrictions still apply,Unique,Unique/License.pdf
Untitled,restricted_or_trial,"Embedded font metadata or filename explicitly contains a trial, test, demo, or unlicensed marker",Test Untitled Sans,Untitled/TestUntitledSans-Black.otf
Untitled Sans,web_only_restricted,"User confirmed license is for web use only; not licensed for desktop, print, PDF, presentation, logo, or similar production use",Untitled Sans,Untitled Sans/Klim Invoice 26080155.pdf | Untitled Sans/Klim Invoice 26090287.pdf | Untitled Sans/Klim Quote-26080154.pdf
Vampiro One,open_source,Official Google Fonts open-source catalog: Vampiro One,,
Varela Round,open_source,Official Google Fonts open-source catalog: Varela Round,,
Vast Shadow,open_source,Official Google Fonts open-source catalog: Vast Shadow,,
Vend Sans,open_source,Official Google Fonts open-source catalog: Vend Sans,,
Vesper Libre,open_source,Official Google Fonts open-source catalog: Vesper Libre,,
Viaoda Libre,open_source,Official Google Fonts open-source catalog: Viaoda Libre,,
Victor Mono,open_source,Official Google Fonts open-source catalog: Victor Mono,,
Vina Sans,open_source,Official Google Fonts open-source catalog: Vina Sans,,
Visual Trial,restricted_or_trial,"Explicit trial, personal-use, or unlicensed marker",,
Vitruv Display,restricted_or_trial,"Embedded font metadata or filename explicitly contains a trial, test, demo, or unlicensed marker",RB Vitruv Display Unlicensed Test,Vitruv Display/VitruvDisplayUnlicensedTest-Black.otf
Vitruv Headline,restricted_or_trial,"Embedded font metadata or filename explicitly contains a trial, test, demo, or unlicensed marker",RB Vitruv Headline Unlicensed Test,Vitruv Headline/VitruvHeadlineUnlicensedTest-Black.otf
Vitruv Text,restricted_or_trial,"Embedded font metadata or filename explicitly contains a trial, test, demo, or unlicensed marker",RB Vitruv Text Unlicensed Test,Vitruv Text/VitruvTextUnlicensedTest-Black.otf
Vollkorn SC,open_source,Official Google Fonts open-source catalog: Vollkorn SC,,
Vujahday Script,open_source,Official Google Fonts open-source catalog: Vujahday Script,,
WDXL Lubrifont JP N,open_source,Official Google Fonts open-source catalog: WDXL Lubrifont JP N,,
WDXL Lubrifont SC,open_source,Official Google Fonts open-source catalog: WDXL Lubrifont SC,,
WDXL Lubrifont TC,open_source,Official Google Fonts open-source catalog: WDXL Lubrifont TC,,
Waiting for the Sunrise,open_source,Official Google Fonts open-source catalog: Waiting for the Sunrise,,
Walter,restricted_or_trial,Dinamo documentation identifies the included variable font as a trial and directs the user to purchase a license,Walter,Walter/about-dinamo-variable-fonts.txt
Walter Turncoat,open_source,Official Google Fonts open-source catalog: Walter Turncoat,,
Water Brush,open_source,Official Google Fonts open-source catalog: Water Brush,,
Wendy One,open_source,Official Google Fonts open-source catalog: Wendy One,,
Whyte,restricted_or_trial,Dinamo documentation identifies the included variable font as a trial and directs the user to purchase a license,Whyte,Whyte/about-dinamo-variable-fonts.txt
Wigrum,restricted_or_trial,"Embedded font metadata or filename explicitly contains a trial, test, demo, or unlicensed marker",Wigrum,Wigrum/wigrum-black-TRIAL.otf
Winky Rough,open_source,Official Google Fonts open-source catalog: Winky Rough,,
Winky Sans,open_source,Official Google Fonts open-source catalog: Winky Sans,,
Wire One,open_source,Official Google Fonts open-source catalog: Wire One,,
Wix Madefor Display,open_source,Official Google Fonts open-source catalog: Wix Madefor Display,,
Wix Madefor Text,open_source,Official Google Fonts open-source catalog: Wix Madefor Text,,
Work Sans,open_source,Official Google Fonts open-source catalog: Work Sans,,
Xanh Mono,open_source,Official Google Fonts open-source catalog: Xanh Mono,,
Yanone Kaffeesatz,open_source,Official Google Fonts open-source catalog: Yanone Kaffeesatz,,
Yarndings 12,open_source,Official Google Fonts open-source catalog: Yarndings 12,,
Yarndings 12 Charted,open_source,Official Google Fonts open-source catalog: Yarndings 12 Charted,,
Yarndings 20,open_source,Official Google Fonts open-source catalog: Yarndings 20,,
Yarndings 20 Charted,open_source,Official Google Fonts open-source catalog: Yarndings 20 Charted,,
Yatra One,open_source,Official Google Fonts open-source catalog: Yatra One,,
Yeon Sung,open_source,Official Google Fonts open-source catalog: Yeon Sung,,
Yeseva One,open_source,Official Google Fonts open-source catalog: Yeseva One,,
Young Serif,open_source,Official Google Fonts open-source catalog: Young Serif,,
Youth Trial,restricted_or_trial,"Explicit trial, personal-use, or unlicensed marker",,
Ysabeau Infant,open_source,Official Google Fonts open-source catalog: Ysabeau Infant,,
Ysabeau Office,open_source,Official Google Fonts open-source catalog: Ysabeau Office,,
Ysabeau SC,open_source,Official Google Fonts open-source catalog: Ysabeau SC,,
Yuji Boku,open_source,Official Google Fonts open-source catalog: Yuji Boku,,
Yuji Hentaigana Akari,open_source,Official Google Fonts open-source catalog: Yuji Hentaigana Akari,,
Yuji Hentaigana Akebono,open_source,Official Google Fonts open-source catalog: Yuji Hentaigana Akebono,,
Yuji Mai,open_source,Official Google Fonts open-source catalog: Yuji Mai,,
Yuji Syuku,open_source,Official Google Fonts open-source catalog: Yuji Syuku,,
Yusei Magic,open_source,Official Google Fonts open-source catalog: Yusei Magic,,
Yuyu Short,open_source,Official Google Fonts open-source catalog: Yuyu Short,,
ZCOOL KuaiLe,open_source,Official Google Fonts open-source catalog: ZCOOL KuaiLe,,
ZCOOL QingKe HuangYou,open_source,Official Google Fonts open-source catalog: ZCOOL QingKe HuangYou,,
ZCOOL XiaoWei,open_source,Official Google Fonts open-source catalog: ZCOOL XiaoWei,,
Zalando Sans,open_source,Official Google Fonts open-source catalog: Zalando Sans,,
Zalando Sans Condensed,open_source,Official Google Fonts open-source catalog: Zalando Sans,,
Zalando Sans Expanded,open_source,Official Google Fonts open-source catalog: Zalando Sans Expanded,,
Zalando Sans SemiCondensed,open_source,Official Google Fonts open-source catalog: Zalando Sans,,
Zalando Sans SemiExpanded,open_source,Official Google Fonts open-source catalog: Zalando Sans SemiExpanded,,
Zen Antique,open_source,Official Google Fonts open-source catalog: Zen Antique,,
Zen Antique Soft,open_source,Official Google Fonts open-source catalog: Zen Antique Soft,,
Zen Dots,open_source,Official Google Fonts open-source catalog: Zen Dots,,
Zen Kaku Gothic Antique,open_source,Official Google Fonts open-source catalog: Zen Kaku Gothic Antique,,
Zen Kaku Gothic New,open_source,Official Google Fonts open-source catalog: Zen Kaku Gothic New,,
Zen Kurenaido,open_source,Official Google Fonts open-source catalog: Zen Kurenaido,,
Zen Loop,open_source,Official Google Fonts open-source catalog: Zen Loop,,
Zen Maru Gothic,open_source,Official Google Fonts open-source catalog: Zen Maru Gothic,,
Zen Old Mincho,open_source,Official Google Fonts open-source catalog: Zen Old Mincho,,
Zen Tokyo Zoo,open_source,Official Google Fonts open-source catalog: Zen Tokyo Zoo,,
Zhi Mang Xing,open_source,Official Google Fonts open-source catalog: Zhi Mang Xing,,
Zilla Slab,open_source,Official Google Fonts open-source catalog: Zilla Slab,,
Zilla Slab Highlight,open_source,Official Google Fonts open-source catalog: Zilla Slab Highlight,,
abeezee,open_source,Official Google Fonts open-source catalog: ABeeZee,,
abel,open_source,Official Google Fonts open-source catalog: Abel,,
aboreto,open_source,Official Google Fonts open-source catalog: Aboreto,,
aclonica,open_source,Official Google Fonts open-source catalog: Aclonica,,
acme,open_source,Official Google Fonts open-source catalog: Acme,,
actor,open_source,Official Google Fonts open-source catalog: Actor,,
adamina,open_source,Official Google Fonts open-source catalog: Adamina,,
afacad,open_source,Official Google Fonts open-source catalog: Afacad,,
agbalumo,open_source,Official Google Fonts open-source catalog: Agbalumo,,
agdasima,open_source,Official Google Fonts open-source catalog: Agdasima,,
akatab,open_source,Official Google Fonts open-source catalog: Akatab,,
akronim,open_source,Official Google Fonts open-source catalog: Akronim,,
akshar,open_source,Official Google Fonts open-source catalog: Akshar,,
akt,open_source,Official Google Fonts open-source catalog: Akt,,
aladin,open_source,Official Google Fonts open-source catalog: Aladin,,
alata,open_source,Official Google Fonts open-source catalog: Alata,,
alatsi,open_source,Official Google Fonts open-source catalog: Alatsi,,
aldrich,open_source,Official Google Fonts open-source catalog: Aldrich,,
alef,open_source,Official Google Fonts open-source catalog: Alef,,
alegreya,open_source,Official Google Fonts open-source catalog: Alegreya,,
aleo,open_source,Official Google Fonts open-source catalog: Aleo,,
alexandria,open_source,Official Google Fonts open-source catalog: Alexandria,,
alice,open_source,Official Google Fonts open-source catalog: Alice,,
alike,open_source,Official Google Fonts open-source catalog: Alike,,
alkalami,open_source,Official Google Fonts open-source catalog: Alkalami,,
alkatra,open_source,Official Google Fonts open-source catalog: Alkatra,,
allan,open_source,Official Google Fonts open-source catalog: Allan,,
allerta,open_source,Official Google Fonts open-source catalog: Allerta,,
allison,open_source,Official Google Fonts open-source catalog: Allison,,
allkin,open_source,Official Google Fonts open-source catalog: Allkin,,
allura,open_source,Official Google Fonts open-source catalog: Allura,,
almarai,open_source,Official Google Fonts open-source catalog: Almarai,,
almendra,open_source,Official Google Fonts open-source catalog: Almendra,,
alyamama,open_source,Official Google Fonts open-source catalog: Alyamama,,
amarante,open_source,Official Google Fonts open-source catalog: Amarante,,
amaranth,open_source,Official Google Fonts open-source catalog: Amaranth,,
amarna,open_source,Official Google Fonts open-source catalog: Amarna,,
amethysta,open_source,Official Google Fonts open-source catalog: Amethysta,,
amiko,open_source,Official Google Fonts open-source catalog: Amiko,,
amiri,open_source,Official Google Fonts open-source catalog: Amiri,,
amita,open_source,Official Google Fonts open-source catalog: Amita,,
anaheim,open_source,Official Google Fonts open-source catalog: Anaheim,,
andika,open_source,Official Google Fonts open-source catalog: Andika,,
angkor,open_source,Official Google Fonts open-source catalog: Angkor,,
anta,open_source,Official Google Fonts open-source catalog: Anta,,
antic,open_source,Official Google Fonts open-source catalog: Antic,,
anton,open_source,Official Google Fonts open-source catalog: Anton,,
antonio,open_source,Official Google Fonts open-source catalog: Antonio,,
anuphan,open_source,Official Google Fonts open-source catalog: Anuphan,,
anybody,open_source,Official Google Fonts open-source catalog: Anybody,,
arapey,open_source,Official Google Fonts open-source catalog: Arapey,,
arbutus,open_source,Official Google Fonts open-source catalog: Arbutus,,
arima,open_source,Official Google Fonts open-source catalog: Arima,,
arimo,open_source,Official Google Fonts open-source catalog: Arimo,,
arizonia,open_source,Official Google Fonts open-source catalog: Arizonia,,
armata,open_source,Official Google Fonts open-source catalog: Armata,,
arsenal,open_source,Official Google Fonts open-source catalog: Arsenal,,
artifika,open_source,Official Google Fonts open-source catalog: Artifika,,
arvo,open_source,Official Google Fonts open-source catalog: Arvo,,
arya,open_source,Official Google Fonts open-source catalog: Arya,,
asap,open_source,Official Google Fonts open-source catalog: Asap,,
asar,open_source,Official Google Fonts open-source catalog: Asar,,
asimovian,open_source,Official Google Fonts open-source catalog: Asimovian,,
asset,open_source,Official Google Fonts open-source catalog: Asset,,
assistant,open_source,Official Google Fonts open-source catalog: Assistant,,
astloch,open_source,Official Google Fonts open-source catalog: Astloch,,
asul,open_source,Official Google Fonts open-source catalog: Asul,,
athiti,open_source,Official Google Fonts open-source catalog: Athiti,,
atma,open_source,Official Google Fonts open-source catalog: Atma,,
aubrey,open_source,Official Google Fonts open-source catalog: Aubrey,,
audiowide,open_source,Official Google Fonts open-source catalog: Audiowide,,
average,open_source,Official Google Fonts open-source catalog: Average,,
b612,open_source,Official Google Fonts open-source catalog: B612,,
babylonica,open_source,Official Google Fonts open-source catalog: Babylonica,,
bahiana,open_source,Official Google Fonts open-source catalog: Bahiana,,
bahianita,open_source,Official Google Fonts open-source catalog: Bahianita,,
ballet,open_source,Official Google Fonts open-source catalog: Ballet,,
balthazar,open_source,Official Google Fonts open-source catalog: Balthazar,,
bangers,open_source,Official Google Fonts open-source catalog: Bangers,,
barlow,open_source,Official Google Fonts open-source catalog: Barlow,,
barriecito,open_source,Official Google Fonts open-source catalog: Barriecito,,
barrio,open_source,Official Google Fonts open-source catalog: Barrio,,
basic,open_source,Official Google Fonts open-source catalog: Basic,,
baskervville,open_source,Official Google Fonts open-source catalog: Baskervville,,
battambang,open_source,Official Google Fonts open-source catalog: Battambang,,
baumans,open_source,Official Google Fonts open-source catalog: Baumans,,
bayon,open_source,Official Google Fonts open-source catalog: Bayon,,
beiruti,open_source,Official Google Fonts open-source catalog: Beiruti,,
belanosima,open_source,Official Google Fonts open-source catalog: Belanosima,,
belgrano,open_source,Official Google Fonts open-source catalog: Belgrano,,
bellefair,open_source,Official Google Fonts open-source catalog: Bellefair,,
belleza,open_source,Official Google Fonts open-source catalog: Belleza,,
bellota,open_source,Official Google Fonts open-source catalog: Bellota,,
benchnine,open_source,Official Google Fonts open-source catalog: BenchNine,,
benne,open_source,Official Google Fonts open-source catalog: Benne,,
bentham,open_source,Official Google Fonts open-source catalog: Bentham,,
besley,open_source,Official Google Fonts open-source catalog: Besley,,
bevan,open_source,Official Google Fonts open-source catalog: Bevan,,
bilbo,open_source,Official Google Fonts open-source catalog: Bilbo,,
biorhyme,open_source,Official Google Fonts open-source catalog: BioRhyme,,
birthstone,open_source,Official Google Fonts open-source catalog: Birthstone,,
biryani,open_source,Official Google Fonts open-source catalog: Biryani,,
bitcount,open_source,Official Google Fonts open-source catalog: Bitcount,,
bitter,open_source,Official Google Fonts open-source catalog: Bitter,,
bjcree,open_source,Official Google Fonts open-source catalog: BJCree,,
blaka,open_source,Official Google Fonts open-source catalog: Blaka,,
blinker,open_source,Official Google Fonts open-source catalog: Blinker,,
bokor,open_source,Official Google Fonts open-source catalog: Bokor,,
boldonse,open_source,Official Google Fonts open-source catalog: Boldonse,,
bonbon,open_source,Official Google Fonts open-source catalog: Bonbon,,
boogaloo,open_source,Official Google Fonts open-source catalog: Boogaloo,,
borel,open_source,Official Google Fonts open-source catalog: Borel,,
brawler,open_source,Official Google Fonts open-source catalog: Brawler,,
buda,open_source,Official Google Fonts open-source catalog: Buda,,
buenard,open_source,Official Google Fonts open-source catalog: Buenard,,
bungee,open_source,Official Google Fonts open-source catalog: Bungee,,
butcherman,open_source,Official Google Fonts open-source catalog: Butcherman,,
bytesized,open_source,Official Google Fonts open-source catalog: Bytesized,,
cabin,open_source,Official Google Fonts open-source catalog: Cabin,,
cagliostro,open_source,Official Google Fonts open-source catalog: Cagliostro,,
cairo,open_source,Official Google Fonts open-source catalog: Cairo,,
caladea,open_source,Official Google Fonts open-source catalog: Caladea,,
calistoga,open_source,Official Google Fonts open-source catalog: Calistoga,,
calligraffitti,open_source,Official Google Fonts open-source catalog: Calligraffitti,,
cambay,open_source,Official Google Fonts open-source catalog: Cambay,,
cambo,open_source,Official Google Fonts open-source catalog: Cambo,,
candal,open_source,Official Google Fonts open-source catalog: Candal,,
cantarell,open_source,Official Google Fonts open-source catalog: Cantarell,,
caprasimo,open_source,Official Google Fonts open-source catalog: Caprasimo,,
capriola,open_source,Official Google Fonts open-source catalog: Capriola,,
caramel,open_source,Official Google Fonts open-source catalog: Caramel,,
carattere,open_source,Official Google Fonts open-source catalog: Carattere,,
cardo,open_source,Official Google Fonts open-source catalog: Cardo,,
carlito,open_source,Official Google Fonts open-source catalog: Carlito,,
carme,open_source,Official Google Fonts open-source catalog: Carme,,
castoro,open_source,Official Google Fonts open-source catalog: Castoro,,
catamaran,open_source,Official Google Fonts open-source catalog: Catamaran,,
caudex,open_source,Official Google Fonts open-source catalog: Caudex,,
cause,open_source,Official Google Fonts open-source catalog: Cause,,
caveat,open_source,Official Google Fonts open-source catalog: Caveat,,
changa,open_source,Official Google Fonts open-source catalog: Changa,,
chango,open_source,Official Google Fonts open-source catalog: Chango,,
charm,open_source,Official Google Fonts open-source catalog: Charm,,
charmonman,open_source,Official Google Fonts open-source catalog: Charmonman,,
chathura,open_source,Official Google Fonts open-source catalog: Chathura,,
cherish,open_source,Official Google Fonts open-source catalog: Cherish,,
chewy,open_source,Official Google Fonts open-source catalog: Chewy,,
chicle,open_source,Official Google Fonts open-source catalog: Chicle,,
chilanka,open_source,Official Google Fonts open-source catalog: Chilanka,,
chivo,open_source,Official Google Fonts open-source catalog: Chivo,,
chokokutai,open_source,Official Google Fonts open-source catalog: Chokokutai,,
chonburi,open_source,Official Google Fonts open-source catalog: Chonburi,,
cinzel,open_source,Official Google Fonts open-source catalog: Cinzel,,
coda,open_source,Official Google Fonts open-source catalog: Coda,,
codystar,open_source,Official Google Fonts open-source catalog: Codystar,,
coiny,open_source,Official Google Fonts open-source catalog: Coiny,,
combo,open_source,Official Google Fonts open-source catalog: Combo,,
comfortaa,open_source,Official Google Fonts open-source catalog: Comfortaa,,
comforter,open_source,Official Google Fonts open-source catalog: Comforter,,
comme,open_source,Official Google Fonts open-source catalog: Comme,,
commissioner,open_source,Official Google Fonts open-source catalog: Commissioner,,
condiment,open_source,Official Google Fonts open-source catalog: Condiment,,
convergence,open_source,Official Google Fonts open-source catalog: Convergence,,
cookie,open_source,Official Google Fonts open-source catalog: Cookie,,
copse,open_source,Official Google Fonts open-source catalog: Copse,,
corben,open_source,Official Google Fonts open-source catalog: Corben,,
corinthia,open_source,Official Google Fonts open-source catalog: Corinthia,,
cormorant,open_source,Official Google Fonts open-source catalog: Cormorant,,
courgette,open_source,Official Google Fonts open-source catalog: Courgette,,
cousine,open_source,Official Google Fonts open-source catalog: Cousine,,
coustard,open_source,Official Google Fonts open-source catalog: Coustard,,
creepster,open_source,Official Google Fonts open-source catalog: Creepster,,
crushed,open_source,Official Google Fonts open-source catalog: Crushed,,
cuprum,open_source,Official Google Fonts open-source catalog: Cuprum,,
cutive,open_source,Official Google Fonts open-source catalog: Cutive,,
damion,open_source,Official Google Fonts open-source catalog: Damion,,
danfo,open_source,Official Google Fonts open-source catalog: Danfo,,
dangrek,open_source,Official Google Fonts open-source catalog: Dangrek,,
datatype,open_source,Official Google Fonts open-source catalog: Datatype,,
dekko,open_source,Official Google Fonts open-source catalog: Dekko,,
delius,open_source,Official Google Fonts open-source catalog: Delius,,
devonshire,open_source,Official Google Fonts open-source catalog: Devonshire,,
dhurjati,open_source,Official Google Fonts open-source catalog: Dhurjati,,
diphylleia,open_source,Official Google Fonts open-source catalog: Diphylleia,,
diplomata,open_source,Official Google Fonts open-source catalog: Diplomata,,
dokdo,open_source,Official Google Fonts open-source catalog: Dokdo,,
domine,open_source,Official Google Fonts open-source catalog: Domine,,
dongle,open_source,Official Google Fonts open-source catalog: Dongle,,
dorsa,open_source,Official Google Fonts open-source catalog: Dorsa,,
dosis,open_source,Official Google Fonts open-source catalog: Dosis,,
dotgothic16,open_source,Official Google Fonts open-source catalog: DotGothic16,,
doto,open_source,Official Google Fonts open-source catalog: Doto,,
dynalight,open_source,Official Google Fonts open-source catalog: Dynalight,,
dynapuff,open_source,Official Google Fonts open-source catalog: DynaPuff,,
eater,open_source,Official Google Fonts open-source catalog: Eater,,
economica,open_source,Official Google Fonts open-source catalog: Economica,,
eczar,open_source,Official Google Fonts open-source catalog: Eczar,,
electrolize,open_source,Official Google Fonts open-source catalog: Electrolize,,
elsie,open_source,Official Google Fonts open-source catalog: Elsie,,
engagement,open_source,Official Google Fonts open-source catalog: Engagement,,
englebert,open_source,Official Google Fonts open-source catalog: Englebert,,
enriqueta,open_source,Official Google Fonts open-source catalog: Enriqueta,,
ephesis,open_source,Official Google Fonts open-source catalog: Ephesis,,
esteban,open_source,Official Google Fonts open-source catalog: Esteban,,
estedad,open_source,Official Google Fonts open-source catalog: Estedad,,
estonia,open_source,Official Google Fonts open-source catalog: Estonia,,
ewert,open_source,Official Google Fonts open-source catalog: Ewert,,
exile,open_source,Official Google Fonts open-source catalog: Exile,,
exo,open_source,Official Google Fonts open-source catalog: Exo,,
explora,open_source,Official Google Fonts open-source catalog: Explora,,
fahkwang,open_source,Official Google Fonts open-source catalog: Fahkwang,,
farro,open_source,Official Google Fonts open-source catalog: Farro,,
farsan,open_source,Official Google Fonts open-source catalog: Farsan,,
fascinate,open_source,Official Google Fonts open-source catalog: Fascinate,,
fasthand,open_source,Official Google Fonts open-source catalog: Fasthand,,
faustina,open_source,Official Google Fonts open-source catalog: Faustina,,
federant,open_source,Official Google Fonts open-source catalog: Federant,,
federo,open_source,Official Google Fonts open-source catalog: Federo,,
felipa,open_source,Official Google Fonts open-source catalog: Felipa,,
fenix,open_source,Official Google Fonts open-source catalog: Fenix,,
festive,open_source,Official Google Fonts open-source catalog: Festive,,
figtree,open_source,Official Google Fonts open-source catalog: Figtree,,
flamenco,open_source,Official Google Fonts open-source catalog: Flamenco,,
flavors,open_source,Official Google Fonts open-source catalog: Flavors,,
foldit,open_source,Official Google Fonts open-source catalog: Foldit,,
fondamento,open_source,Official Google Fonts open-source catalog: Fondamento,,
forum,open_source,Official Google Fonts open-source catalog: Forum,,
fraunces,open_source,Official Google Fonts open-source catalog: Fraunces,,
fredoka,open_source,Official Google Fonts open-source catalog: Fredoka,,
freehand,open_source,Official Google Fonts open-source catalog: Freehand,,
freeman,open_source,Official Google Fonts open-source catalog: Freeman,,
fresca,open_source,Official Google Fonts open-source catalog: Fresca,,
frijole,open_source,Official Google Fonts open-source catalog: Frijole,,
fruktur,open_source,Official Google Fonts open-source catalog: Fruktur,,
fuggles,open_source,Official Google Fonts open-source catalog: Fuggles,,
fustat,open_source,Official Google Fonts open-source catalog: Fustat,,
gabarito,open_source,Official Google Fonts open-source catalog: Gabarito,,
gabriela,open_source,Official Google Fonts open-source catalog: Gabriela,,
gaegu,open_source,Official Google Fonts open-source catalog: Gaegu,,
gafata,open_source,Official Google Fonts open-source catalog: Gafata,,
galada,open_source,Official Google Fonts open-source catalog: Galada,,
galdeano,open_source,Official Google Fonts open-source catalog: Galdeano,,
galindo,open_source,Official Google Fonts open-source catalog: Galindo,,
gantari,open_source,Official Google Fonts open-source catalog: Gantari,,
gayathri,open_source,Official Google Fonts open-source catalog: Gayathri,,
gelasio,open_source,Official Google Fonts open-source catalog: Gelasio,,
genos,open_source,Official Google Fonts open-source catalog: Genos,,
geo,open_source,Official Google Fonts open-source catalog: Geo,,
geologica,open_source,Official Google Fonts open-source catalog: Geologica,,
geom,open_source,Official Google Fonts open-source catalog: Geom,,
geomini,open_source,Official Google Fonts open-source catalog: Geomini,,
georama,open_source,Official Google Fonts open-source catalog: Georama,,
geostar,open_source,Official Google Fonts open-source catalog: Geostar,,
gidole,open_source,Official Google Fonts open-source catalog: Gidole,,
gidugu,open_source,Official Google Fonts open-source catalog: Gidugu,,
girassol,open_source,Official Google Fonts open-source catalog: Girassol,,
glegoo,open_source,Official Google Fonts open-source catalog: Glegoo,,
gloock,open_source,Official Google Fonts open-source catalog: Gloock,,
glory,open_source,Official Google Fonts open-source catalog: Glory,,
gluten,open_source,Official Google Fonts open-source catalog: Gluten,,
goldman,open_source,Official Google Fonts open-source catalog: Goldman,,
gorditas,open_source,Official Google Fonts open-source catalog: Gorditas,,
gotu,open_source,Official Google Fonts open-source catalog: Gotu,,
graduate,open_source,Official Google Fonts open-source catalog: Graduate,,
grandstander,open_source,Official Google Fonts open-source catalog: Grandstander,,
grenze,open_source,Official Google Fonts open-source catalog: Grenze,,
griffy,open_source,Official Google Fonts open-source catalog: Griffy,,
gruppo,open_source,Official Google Fonts open-source catalog: Gruppo,,
gudea,open_source,Official Google Fonts open-source catalog: Gudea,,
gugi,open_source,Official Google Fonts open-source catalog: Gugi,,
gulzar,open_source,Official Google Fonts open-source catalog: Gulzar,,
gupter,open_source,Official Google Fonts open-source catalog: Gupter,,
gurajada,open_source,Official Google Fonts open-source catalog: Gurajada,,
gwendolyn,open_source,Official Google Fonts open-source catalog: Gwendolyn,,
habibi,open_source,Official Google Fonts open-source catalog: Habibi,,
hahmlet,open_source,Official Google Fonts open-source catalog: Hahmlet,,
halant,open_source,Official Google Fonts open-source catalog: Halant,,
hanalei,open_source,Official Google Fonts open-source catalog: Hanalei,,
handjet,open_source,Official Google Fonts open-source catalog: Handjet,,
handlee,open_source,Official Google Fonts open-source catalog: Handlee,,
hanuman,open_source,Official Google Fonts open-source catalog: Hanuman,,
harmattan,open_source,Official Google Fonts open-source catalog: Harmattan,,
heebo,open_source,Official Google Fonts open-source catalog: Heebo,,
hind,open_source,Official Google Fonts open-source catalog: Hind,,
homenaje,open_source,Official Google Fonts open-source catalog: Homenaje,,
honk,open_source,Official Google Fonts open-source catalog: Honk,,
hubballi,open_source,Official Google Fonts open-source catalog: Hubballi,,
huninn,open_source,Official Google Fonts open-source catalog: Huninn,,
hurricane,open_source,Official Google Fonts open-source catalog: Hurricane,,
iansui,open_source,Official Google Fonts open-source catalog: Iansui,,
iceberg,open_source,Official Google Fonts open-source catalog: Iceberg,,
iceland,open_source,Official Google Fonts open-source catalog: Iceland,,
idiqlat,open_source,Official Google Fonts open-source catalog: Idiqlat,,
imbue,open_source,Official Google Fonts open-source catalog: Imbue,,
imprima,open_source,Official Google Fonts open-source catalog: Imprima,,
inconsolata,open_source,Official Google Fonts open-source catalog: Inconsolata,,
inder,open_source,Official Google Fonts open-source catalog: Inder,,
inika,open_source,Official Google Fonts open-source catalog: Inika,,
inspiration,open_source,Official Google Fonts open-source catalog: Inspiration,,
inter,open_source,Official Google Fonts open-source catalog: Inter,,
italiana,open_source,Official Google Fonts open-source catalog: Italiana,,
italianno,open_source,Official Google Fonts open-source catalog: Italianno,,
itim,open_source,Official Google Fonts open-source catalog: Itim,,
jaini,open_source,Official Google Fonts open-source catalog: Jaini,,
jaldi,open_source,Official Google Fonts open-source catalog: Jaldi,,
jaro,open_source,Official Google Fonts open-source catalog: Jaro,,
joan,open_source,Official Google Fonts open-source catalog: Joan,,
jomhuria,open_source,Official Google Fonts open-source catalog: Jomhuria,,
jomolhari,open_source,Official Google Fonts open-source catalog: Jomolhari,,
jost,open_source,Official Google Fonts open-source catalog: Jost,,
jua,open_source,Official Google Fonts open-source catalog: Jua,,
judson,open_source,Official Google Fonts open-source catalog: Judson,,
julee,open_source,Official Google Fonts open-source catalog: Julee,,
junge,open_source,Official Google Fonts open-source catalog: Junge,,
jura,open_source,Official Google Fonts open-source catalog: Jura,,
k2d,open_source,Official Google Fonts open-source catalog: K2D,,
kablammo,open_source,Official Google Fonts open-source catalog: Kablammo,,
kadwa,open_source,Official Google Fonts open-source catalog: Kadwa,,
kalam,open_source,Official Google Fonts open-source catalog: Kalam,,
kalnia,open_source,Official Google Fonts open-source catalog: Kalnia,,
kameron,open_source,Official Google Fonts open-source catalog: Kameron,,
kanchenjunga,open_source,Official Google Fonts open-source catalog: Kanchenjunga,,
kanit,open_source,Official Google Fonts open-source catalog: Kanit,,
kapakana,open_source,Official Google Fonts open-source catalog: Kapakana,,
karantina,open_source,Official Google Fonts open-source catalog: Karantina,,
karla,open_source,Official Google Fonts open-source catalog: Karla,,
karma,open_source,Official Google Fonts open-source catalog: Karma,,
katibeh,open_source,Official Google Fonts open-source catalog: Katibeh,,
kavivanar,open_source,Official Google Fonts open-source catalog: Kavivanar,,
kavoon,open_source,Official Google Fonts open-source catalog: Kavoon,,
kedebideri,open_source,Official Google Fonts open-source catalog: Kedebideri,,
kenia,open_source,Official Google Fonts open-source catalog: Kenia,,
khand,open_source,Official Google Fonts open-source catalog: Khand,,
khula,open_source,Official Google Fonts open-source catalog: Khula,,
kings,open_source,Official Google Fonts open-source catalog: Kings,,
knewave,open_source,Official Google Fonts open-source catalog: Knewave,,
kodchasan,open_source,Official Google Fonts open-source catalog: Kodchasan,,
koho,open_source,Official Google Fonts open-source catalog: KoHo,,
kosugi,open_source,Official Google Fonts open-source catalog: Kosugi,,
koulen,open_source,Official Google Fonts open-source catalog: Koulen,,
kranky,open_source,Official Google Fonts open-source catalog: Kranky,,
kreon,open_source,Official Google Fonts open-source catalog: Kreon,,
kristi,open_source,Official Google Fonts open-source catalog: Kristi,,
krub,open_source,Official Google Fonts open-source catalog: Krub,,
kufam,open_source,Official Google Fonts open-source catalog: Kufam,,
kurale,open_source,Official Google Fonts open-source catalog: Kurale,,
labrada,open_source,Official Google Fonts open-source catalog: Labrada,,
lacquer,open_source,Official Google Fonts open-source catalog: Lacquer,,
laila,open_source,Official Google Fonts open-source catalog: Laila,,
lalezar,open_source,Official Google Fonts open-source catalog: Lalezar,,
lancelot,open_source,Official Google Fonts open-source catalog: Lancelot,,
langar,open_source,Official Google Fonts open-source catalog: Langar,,
lateef,open_source,Official Google Fonts open-source catalog: Lateef,,
lato,open_source,Official Google Fonts open-source catalog: Lato,,
ledger,open_source,Official Google Fonts open-source catalog: Ledger,,
lekton,open_source,Official Google Fonts open-source catalog: Lekton,,
lemon,open_source,Official Google Fonts open-source catalog: Lemon,,
lemonada,open_source,Official Google Fonts open-source catalog: Lemonada,,
lexend,open_source,Official Google Fonts open-source catalog: Lexend,,
licorice,open_source,Official Google Fonts open-source catalog: Licorice,,
lilex,open_source,Official Google Fonts open-source catalog: Lilex,,
limelight,open_source,Official Google Fonts open-source catalog: Limelight,,
linefont,open_source,Official Google Fonts open-source catalog: Linefont,,
liter,open_source,Official Google Fonts open-source catalog: Liter,,
literata,open_source,Official Google Fonts open-source catalog: Literata,,
livvic,open_source,Official Google Fonts open-source catalog: Livvic,,
lobster,open_source,Official Google Fonts open-source catalog: Lobster,,
lora,open_source,Official Google Fonts open-source catalog: Lora,,
lugrasimo,open_source,Official Google Fonts open-source catalog: Lugrasimo,,
lumanosimo,open_source,Official Google Fonts open-source catalog: Lumanosimo,,
lunasima,open_source,Official Google Fonts open-source catalog: Lunasima,,
lusitana,open_source,Official Google Fonts open-source catalog: Lusitana,,
lustria,open_source,Official Google Fonts open-source catalog: Lustria,,
macondo,open_source,Official Google Fonts open-source catalog: Macondo,,
mada,open_source,Official Google Fonts open-source catalog: Mada,,
magra,open_source,Official Google Fonts open-source catalog: Magra,,
maitree,open_source,Official Google Fonts open-source catalog: Maitree,,
mako,open_source,Official Google Fonts open-source catalog: Mako,,
mali,open_source,Official Google Fonts open-source catalog: Mali,,
mallanna,open_source,Official Google Fonts open-source catalog: Mallanna,,
maname,open_source,Official Google Fonts open-source catalog: Maname,,
mandali,open_source,Official Google Fonts open-source catalog: Mandali,,
manjari,open_source,Official Google Fonts open-source catalog: Manjari,,
manrope,open_source,Official Google Fonts open-source catalog: Manrope,,
mansalva,open_source,Official Google Fonts open-source catalog: Mansalva,,
manuale,open_source,Official Google Fonts open-source catalog: Manuale,,
marcellus,open_source,Official Google Fonts open-source catalog: Marcellus,,
margarine,open_source,Official Google Fonts open-source catalog: Margarine,,
marhey,open_source,Official Google Fonts open-source catalog: Marhey,,
marmelad,open_source,Official Google Fonts open-source catalog: Marmelad,,
martel,open_source,Official Google Fonts open-source catalog: Martel,,
marvel,open_source,Official Google Fonts open-source catalog: Marvel,,
matangi,open_source,Official Google Fonts open-source catalog: Matangi,,
mate,open_source,Official Google Fonts open-source catalog: Mate,,
matemasie,open_source,Official Google Fonts open-source catalog: Matemasie,,
mclaren,open_source,Official Google Fonts open-source catalog: McLaren,,
meddon,open_source,Official Google Fonts open-source catalog: Meddon,,
mediasanscondensedweb,restricted_or_trial,Font filenames explicitly identify these webfont files as trial versions,,mediasanscondensedweb/mediasanscondensedweb-black-TRIAL.eot
mediasansextendedweb,restricted_or_trial,Font filenames explicitly identify these webfont files as trial versions,,mediasansextendedweb/mediasansextendedweb-black-TRIAL.eot
mediasansextracondensedweb,restricted_or_trial,Font filenames explicitly identify these webfont files as trial versions,,mediasansextracondensedweb/mediasansextracondensedweb-black-TRIAL.eot
mediasanssemicondensedweb,restricted_or_trial,Font filenames explicitly identify these webfont files as trial versions,,mediasanssemicondensedweb/mediasanssemicondensedweb-black-TRIAL.eot
mediasansweb,restricted_or_trial,Font filenames explicitly identify these webfont files as trial versions,,mediasansweb/mediasansweb-black-TRIAL.eot
medievalsharp,open_source,Official Google Fonts open-source catalog: MedievalSharp,,
megrim,open_source,Official Google Fonts open-source catalog: Megrim,,
menbere,open_source,Official Google Fonts open-source catalog: Menbere,,
merienda,open_source,Official Google Fonts open-source catalog: Merienda,,
merriweather,open_source,Official Google Fonts open-source catalog: Merriweather,,
metal,open_source,Official Google Fonts open-source catalog: Metal,,
metamorphous,open_source,Official Google Fonts open-source catalog: Metamorphous,,
metrophobic,open_source,Official Google Fonts open-source catalog: Metrophobic,,
michroma,open_source,Official Google Fonts open-source catalog: Michroma,,
milonga,open_source,Official Google Fonts open-source catalog: Milonga,,
miltonian,open_source,Official Google Fonts open-source catalog: Miltonian,,
mina,open_source,Official Google Fonts open-source catalog: Mina,,
mingzat,open_source,Official Google Fonts open-source catalog: Mingzat,,
miniver,open_source,Official Google Fonts open-source catalog: Miniver,,
mirza,open_source,Official Google Fonts open-source catalog: Mirza,,
mitr,open_source,Official Google Fonts open-source catalog: Mitr,,
modak,open_source,Official Google Fonts open-source catalog: Modak,,
moderustic,open_source,Official Google Fonts open-source catalog: Moderustic,,
mogra,open_source,Official Google Fonts open-source catalog: Mogra,,
mohave,open_source,Official Google Fonts open-source catalog: Mohave,,
molengo,open_source,Official Google Fonts open-source catalog: Molengo,,
molle,open_source,Official Google Fonts open-source catalog: Molle,,
monda,open_source,Official Google Fonts open-source catalog: Monda,,
monofett,open_source,Official Google Fonts open-source catalog: Monofett,,
monomakh,open_source,Official Google Fonts open-source catalog: Monomakh,,
monoton,open_source,Official Google Fonts open-source catalog: Monoton,,
montaga,open_source,Official Google Fonts open-source catalog: Montaga,,
montecarlo,open_source,Official Google Fonts open-source catalog: MonteCarlo,,
montez,open_source,Official Google Fonts open-source catalog: Montez,,
montserrat,open_source,Official Google Fonts open-source catalog: Montserrat,,
mooli,open_source,Official Google Fonts open-source catalog: Mooli,,
moul,open_source,Official Google Fonts open-source catalog: Moul,,
moulpali,open_source,Official Google Fonts open-source catalog: Moulpali,,
mukta,open_source,Official Google Fonts open-source catalog: Mukta,,
mulish,open_source,Official Google Fonts open-source catalog: Mulish,,
murecho,open_source,Official Google Fonts open-source catalog: Murecho,,
museomoderno,open_source,Official Google Fonts open-source catalog: MuseoModerno,,
mxpf,restricted_or_trial,"Embedded font metadata or filename explicitly contains a trial, test, demo, or unlicensed marker",ABC Diatype Variable Unlicensed Trial,mxpf/mxpf-sans.woff
mynerve,open_source,Official Google Fonts open-source catalog: Mynerve,,
nabla,open_source,Official Google Fonts open-source catalog: Nabla,,
namdhinggo,open_source,Official Google Fonts open-source catalog: Namdhinggo,,
narnoor,open_source,Official Google Fonts open-source catalog: Narnoor,,
neonderthaw,open_source,Official Google Fonts open-source catalog: Neonderthaw,,
neucha,open_source,Official Google Fonts open-source catalog: Neucha,,
neuton,open_source,Official Google Fonts open-source catalog: Neuton,,
newsreader,open_source,Official Google Fonts open-source catalog: Newsreader,,
niconne,open_source,Official Google Fonts open-source catalog: Niconne,,
niramit,open_source,Official Google Fonts open-source catalog: Niramit,,
nobile,open_source,Official Google Fonts open-source catalog: Nobile,,
nokora,open_source,Official Google Fonts open-source catalog: Nokora,,
norican,open_source,Official Google Fonts open-source catalog: Norican,,
nosifer,open_source,Official Google Fonts open-source catalog: Nosifer,,
notable,open_source,Official Google Fonts open-source catalog: Notable,,
ntr,open_source,Official Google Fonts open-source catalog: NTR,,
numans,open_source,Official Google Fonts open-source catalog: Numans,,
nunito,open_source,Official Google Fonts open-source catalog: Nunito,,
offside,open_source,Official Google Fonts open-source catalog: Offside,,
oi,open_source,Official Google Fonts open-source catalog: Oi,,
ojuju,open_source,Official Google Fonts open-source catalog: Ojuju,,
oldenburg,open_source,Official Google Fonts open-source catalog: Oldenburg,,
ole,open_source,Official Google Fonts open-source catalog: Ole,,
onest,open_source,Official Google Fonts open-source catalog: Onest,,
oranienbaum,open_source,Official Google Fonts open-source catalog: Oranienbaum,,
orbit,open_source,Official Google Fonts open-source catalog: Orbit,,
orbitron,open_source,Official Google Fonts open-source catalog: Orbitron,,
oregano,open_source,Official Google Fonts open-source catalog: Oregano,,
orienta,open_source,Official Google Fonts open-source catalog: Orienta,,
oswald,open_source,Official Google Fonts open-source catalog: Oswald,,
outfit,open_source,Official Google Fonts open-source catalog: Outfit,,
overlock,open_source,Official Google Fonts open-source catalog: Overlock,,
overpass,open_source,Official Google Fonts open-source catalog: Overpass,,
ovo,open_source,Official Google Fonts open-source catalog: Ovo,,
oxanium,open_source,Official Google Fonts open-source catalog: Oxanium,,
oxygen,open_source,Official Google Fonts open-source catalog: Oxygen,,
pacifico,open_source,Official Google Fonts open-source catalog: Pacifico,,
padauk,open_source,Official Google Fonts open-source catalog: Padauk,,
palanquin,open_source,Official Google Fonts open-source catalog: Palanquin,,
pangolin,open_source,Official Google Fonts open-source catalog: Pangolin,,
paprika,open_source,Official Google Fonts open-source catalog: Paprika,,
parastoo,open_source,Official Google Fonts open-source catalog: Parastoo,,
parisienne,open_source,Official Google Fonts open-source catalog: Parisienne,,
parkinsans,open_source,Official Google Fonts open-source catalog: Parkinsans,,
pattaya,open_source,Official Google Fonts open-source catalog: Pattaya,,
pavanam,open_source,Official Google Fonts open-source catalog: Pavanam,,
peddana,open_source,Official Google Fonts open-source catalog: Peddana,,
peralta,open_source,Official Google Fonts open-source catalog: Peralta,,
petemoss,open_source,Official Google Fonts open-source catalog: Petemoss,,
petrona,open_source,Official Google Fonts open-source catalog: Petrona,,
philosopher,open_source,Official Google Fonts open-source catalog: Philosopher,,
phudu,open_source,Official Google Fonts open-source catalog: Phudu,,
piazzolla,open_source,Official Google Fonts open-source catalog: Piazzolla,,
piedra,open_source,Official Google Fonts open-source catalog: Piedra,,
plaster,open_source,Official Google Fonts open-source catalog: Plaster,,
platypi,open_source,Official Google Fonts open-source catalog: Platypi,,
play,open_source,Official Google Fonts open-source catalog: Play,,
playball,open_source,Official Google Fonts open-source catalog: Playball,,
playfair,open_source,Official Google Fonts open-source catalog: Playfair,,
pliant,open_source,Official Google Fonts open-source catalog: Pliant,,
pochaevsk,open_source,Official Google Fonts open-source catalog: Pochaevsk,,
podkova,open_source,Official Google Fonts open-source catalog: Podkova,,
poly,open_source,Official Google Fonts open-source catalog: Poly,,
pompiere,open_source,Official Google Fonts open-source catalog: Pompiere,,
ponnala,open_source,Official Google Fonts open-source catalog: Ponnala,,
ponomar,open_source,Official Google Fonts open-source catalog: Ponomar,,
praise,open_source,Official Google Fonts open-source catalog: Praise,,
prata,open_source,Official Google Fonts open-source catalog: Prata,,
preahvihear,open_source,Official Google Fonts open-source catalog: Preahvihear,,
pridi,open_source,Official Google Fonts open-source catalog: Pridi,,
prociono,open_source,Official Google Fonts open-source catalog: Prociono,,
prompt,open_source,Official Google Fonts open-source catalog: Prompt,,
puritan,open_source,Official Google Fonts open-source catalog: Puritan,,
qahiri,open_source,Official Google Fonts open-source catalog: Qahiri,,
quando,open_source,Official Google Fonts open-source catalog: Quando,,
quantico,open_source,Official Google Fonts open-source catalog: Quantico,,
quattrocento,open_source,Official Google Fonts open-source catalog: Quattrocento,,
questrial,open_source,Official Google Fonts open-source catalog: Questrial,,
quicksand,open_source,Official Google Fonts open-source catalog: Quicksand,,
quintessential,open_source,Official Google Fonts open-source catalog: Quintessential,,
qwigley,open_source,Official Google Fonts open-source catalog: Qwigley,,
radley,open_source,Official Google Fonts open-source catalog: Radley,,
rajdhani,open_source,Official Google Fonts open-source catalog: Rajdhani,,
rakkas,open_source,Official Google Fonts open-source catalog: Rakkas,,
raleway,open_source,Official Google Fonts open-source catalog: Raleway,,
ramabhadra,open_source,Official Google Fonts open-source catalog: Ramabhadra,,
ramaraja,open_source,Official Google Fonts open-source catalog: Ramaraja,,
rambla,open_source,Official Google Fonts open-source catalog: Rambla,,
ramsina,open_source,Official Google Fonts open-source catalog: Ramsina,,
ranchers,open_source,Official Google Fonts open-source catalog: Ranchers,,
rancho,open_source,Official Google Fonts open-source catalog: Rancho,,
ranga,open_source,Official Google Fonts open-source catalog: Ranga,,
rasa,open_source,Official Google Fonts open-source catalog: Rasa,,
rationale,open_source,Official Google Fonts open-source catalog: Rationale,,
recursive,open_source,Official Google Fonts open-source catalog: Recursive,,
redacted,open_source,Official Google Fonts open-source catalog: Redacted,,
redressed,open_source,Official Google Fonts open-source catalog: Redressed,,
rem,open_source,Official Google Fonts open-source catalog: REM,,
revalia,open_source,Official Google Fonts open-source catalog: Revalia,,
ribeye,open_source,Official Google Fonts open-source catalog: Ribeye,,
righteous,open_source,Official Google Fonts open-source catalog: Righteous,,
risque,open_source,Official Google Fonts open-source catalog: Risque,,
roboto,open_source,Official Google Fonts open-source catalog: Roboto,,
rochester,open_source,Official Google Fonts open-source catalog: Rochester,,
rokkitt,open_source,Official Google Fonts open-source catalog: Rokkitt,,
romanesco,open_source,Official Google Fonts open-source catalog: Romanesco,,
rosario,open_source,Official Google Fonts open-source catalog: Rosario,,
rosarivo,open_source,Official Google Fonts open-source catalog: Rosarivo,,
rowdies,open_source,Official Google Fonts open-source catalog: Rowdies,,
rubik,open_source,Official Google Fonts open-source catalog: Rubik,,
ruda,open_source,Official Google Fonts open-source catalog: Ruda,,
rufina,open_source,Official Google Fonts open-source catalog: Rufina,,
ruluko,open_source,Official Google Fonts open-source catalog: Ruluko,,
ruthie,open_source,Official Google Fonts open-source catalog: Ruthie,,
ruwudu,open_source,Official Google Fonts open-source catalog: Ruwudu,,
rye,open_source,Official Google Fonts open-source catalog: Rye,,
sacramento,open_source,Official Google Fonts open-source catalog: Sacramento,,
sahitya,open_source,Official Google Fonts open-source catalog: Sahitya,,
sail,open_source,Official Google Fonts open-source catalog: Sail,,
saira,open_source,Official Google Fonts open-source catalog: Saira,,
salsa,open_source,Official Google Fonts open-source catalog: Salsa,,
sanchez,open_source,Official Google Fonts open-source catalog: Sanchez,,
sancreek,open_source,Official Google Fonts open-source catalog: Sancreek,,
sansation,open_source,Official Google Fonts open-source catalog: Sansation,,
sansita,open_source,Official Google Fonts open-source catalog: Sansita,,
sarabun,open_source,Official Google Fonts open-source catalog: Sarabun,,
sarala,open_source,Official Google Fonts open-source catalog: Sarala,,
sarina,open_source,Official Google Fonts open-source catalog: Sarina,,
sarpanch,open_source,Official Google Fonts open-source catalog: Sarpanch,,
satisfy,open_source,Official Google Fonts open-source catalog: Satisfy,,
savate,open_source,Official Google Fonts open-source catalog: Savate,,
scada,open_source,Official Google Fonts open-source catalog: Scada,,
schoolbell,open_source,Official Google Fonts open-source catalog: Schoolbell,,
sedan,open_source,Official Google Fonts open-source catalog: Sedan,,
sekuya,open_source,Official Google Fonts open-source catalog: Sekuya,,
sen,open_source,Official Google Fonts open-source catalog: Sen,,
sevillana,open_source,Official Google Fonts open-source catalog: Sevillana,,
shafarik,open_source,Official Google Fonts open-source catalog: Shafarik,,
shalimar,open_source,Official Google Fonts open-source catalog: Shalimar,,
shanti,open_source,Official Google Fonts open-source catalog: Shanti,,
share,open_source,Official Google Fonts open-source catalog: Share,,
shizuru,open_source,Official Google Fonts open-source catalog: Shizuru,,
shojumaru,open_source,Official Google Fonts open-source catalog: Shojumaru,,
shrikhand,open_source,Official Google Fonts open-source catalog: Shrikhand,,
sigmar,open_source,Official Google Fonts open-source catalog: Sigmar,,
signika,open_source,Official Google Fonts open-source catalog: Signika,,
silkscreen,open_source,Official Google Fonts open-source catalog: Silkscreen,,
simonetta,open_source,Official Google Fonts open-source catalog: Simonetta,,
sintony,open_source,Official Google Fonts open-source catalog: Sintony,,
sirivennela,open_source,Official Google Fonts open-source catalog: Sirivennela,,
sixtyfour,open_source,Official Google Fonts open-source catalog: Sixtyfour,,
skranji,open_source,Official Google Fonts open-source catalog: Skranji,,
slackey,open_source,Official Google Fonts open-source catalog: Slackey,,
smokum,open_source,Official Google Fonts open-source catalog: Smokum,,
smooch,open_source,Official Google Fonts open-source catalog: Smooch,,
smythe,open_source,Official Google Fonts open-source catalog: Smythe,,
sniglet,open_source,Official Google Fonts open-source catalog: Sniglet,,
snippet,open_source,Official Google Fonts open-source catalog: Snippet,,
sofia,open_source,Official Google Fonts open-source catalog: Sofia,,
solitreo,open_source,Official Google Fonts open-source catalog: Solitreo,,
solway,open_source,Official Google Fonts open-source catalog: Solway,,
sono,open_source,Official Google Fonts open-source catalog: Sono,,
sora,open_source,Official Google Fonts open-source catalog: Sora,,
spectral,open_source,Official Google Fonts open-source catalog: Spectral,,
spinnaker,open_source,Official Google Fonts open-source catalog: Spinnaker,,
spirax,open_source,Official Google Fonts open-source catalog: Spirax,,
splash,open_source,Official Google Fonts open-source catalog: Splash,,
sriracha,open_source,Official Google Fonts open-source catalog: Sriracha,,
srisakdi,open_source,Official Google Fonts open-source catalog: Srisakdi,,
staatliches,open_source,Official Google Fonts open-source catalog: Staatliches,,
stalemate,open_source,Official Google Fonts open-source catalog: Stalemate,,
stick,open_source,Official Google Fonts open-source catalog: Stick,,
stoke,open_source,Official Google Fonts open-source catalog: Stoke,,
strait,open_source,Official Google Fonts open-source catalog: Strait,,
sumana,open_source,Official Google Fonts open-source catalog: Sumana,,
sunshiney,open_source,Official Google Fonts open-source catalog: Sunshiney,,
sura,open_source,Official Google Fonts open-source catalog: Sura,,
suranna,open_source,Official Google Fonts open-source catalog: Suranna,,
suravaram,open_source,Official Google Fonts open-source catalog: Suravaram,,
suse,open_source,Official Google Fonts open-source catalog: SUSE,,
suwannaphum,open_source,Official Google Fonts open-source catalog: Suwannaphum,,
syncopate,open_source,Official Google Fonts open-source catalog: Syncopate,,
syne,open_source,Official Google Fonts open-source catalog: Syne,,
tagesschrift,open_source,Official Google Fonts open-source catalog: Tagesschrift,,
tajawal,open_source,Official Google Fonts open-source catalog: Tajawal,,
tangerine,open_source,Official Google Fonts open-source catalog: Tangerine,,
tapestry,open_source,Official Google Fonts open-source catalog: Tapestry,,
taprom,open_source,Official Google Fonts open-source catalog: Taprom,,
tauri,open_source,Official Google Fonts open-source catalog: Tauri,,
taviraj,open_source,Official Google Fonts open-source catalog: Taviraj,,
teachers,open_source,Official Google Fonts open-source catalog: Teachers,,
teko,open_source,Official Google Fonts open-source catalog: Teko,,
tektur,open_source,Official Google Fonts open-source catalog: Tektur,,
telex,open_source,Official Google Fonts open-source catalog: Telex,,
texturina,open_source,Official Google Fonts open-source catalog: Texturina,,
thasadith,open_source,Official Google Fonts open-source catalog: Thasadith,,
tienne,open_source,Official Google Fonts open-source catalog: Tienne,,
tillana,open_source,Official Google Fonts open-source catalog: Tillana,,
timmana,open_source,Official Google Fonts open-source catalog: Timmana,,
tinos,open_source,Official Google Fonts open-source catalog: Tinos,,
tiny5,open_source,Official Google Fonts open-source catalog: Tiny5,,
tirra,open_source,Official Google Fonts open-source catalog: Tirra,,
tomorrow,open_source,Official Google Fonts open-source catalog: Tomorrow,,
tourney,open_source,Official Google Fonts open-source catalog: Tourney,,
triodion,open_source,Official Google Fonts open-source catalog: Triodion,,
trirong,open_source,Official Google Fonts open-source catalog: Trirong,,
trispace,open_source,Official Google Fonts open-source catalog: Trispace,,
trocchi,open_source,Official Google Fonts open-source catalog: Trocchi,,
trochut,open_source,Official Google Fonts open-source catalog: Trochut,,
truculenta,open_source,Official Google Fonts open-source catalog: Truculenta,,
trykker,open_source,Official Google Fonts open-source catalog: Trykker,,
tuffy,open_source,Official Google Fonts open-source catalog: Tuffy,,
ubuntu,open_source,Official Google Fonts open-source catalog: Ubuntu,,
uchen,open_source,Official Google Fonts open-source catalog: Uchen,,
ultra,open_source,Official Google Fonts open-source catalog: Ultra,,
unbounded,open_source,Official Google Fonts open-source catalog: Unbounded,,
underdog,open_source,Official Google Fonts open-source catalog: Underdog,,
unifrakturcook,open_source,Official Google Fonts open-source catalog: UnifrakturCook,,
unifrakturmaguntia,open_source,Official Google Fonts open-source catalog: UnifrakturMaguntia,,
unkempt,open_source,Official Google Fonts open-source catalog: Unkempt,,
unlock,open_source,Official Google Fonts open-source catalog: Unlock,,
unna,open_source,Official Google Fonts open-source catalog: Unna,,
uoqmunthenkhung,open_source,Official Google Fonts open-source catalog: UoqMunThenKhung,,
updock,open_source,Official Google Fonts open-source catalog: Updock,,
urbanist,open_source,Official Google Fonts open-source catalog: Urbanist,,
varela,open_source,Official Google Fonts open-source catalog: Varela,,
varta,open_source,Official Google Fonts open-source catalog: Varta,,
vazirmatn,open_source,Official Google Fonts open-source catalog: Vazirmatn,,
vibes,open_source,Official Google Fonts open-source catalog: Vibes,,
vibur,open_source,Official Google Fonts open-source catalog: Vibur,,
vidaloka,open_source,Official Google Fonts open-source catalog: Vidaloka,,
viga,open_source,Official Google Fonts open-source catalog: Viga,,
voces,open_source,Official Google Fonts open-source catalog: Voces,,
volkhov,open_source,Official Google Fonts open-source catalog: Volkhov,,
vollkorn,open_source,Official Google Fonts open-source catalog: Vollkorn,,
voltaire,open_source,Official Google Fonts open-source catalog: Voltaire,,
vt323,open_source,Official Google Fonts open-source catalog: VT323,,
wallpoet,open_source,Official Google Fonts open-source catalog: Wallpoet,,
warnes,open_source,Official Google Fonts open-source catalog: Warnes,,
waterfall,open_source,Official Google Fonts open-source catalog: Waterfall,,
wavefont,open_source,Official Google Fonts open-source catalog: Wavefont,,
wellfleet,open_source,Official Google Fonts open-source catalog: Wellfleet,,
whisper,open_source,Official Google Fonts open-source catalog: Whisper,,
wigrumweb,restricted_or_trial,Font filenames explicitly identify these webfont files as trial versions,,wigrumweb/wigrumweb-black-TRIAL.eot
windsong,open_source,Official Google Fonts open-source catalog: WindSong,,
wittgenstein,open_source,Official Google Fonts open-source catalog: Wittgenstein,,
workbench,open_source,Official Google Fonts open-source catalog: Workbench,,
yaldevi,open_source,Official Google Fonts open-source catalog: Yaldevi,,
yantramanav,open_source,Official Google Fonts open-source catalog: Yantramanav,,
yellowtail,open_source,Official Google Fonts open-source catalog: Yellowtail,,
yesteryear,open_source,Official Google Fonts open-source catalog: Yesteryear,,
yomogi,open_source,Official Google Fonts open-source catalog: Yomogi,,
yrsa,open_source,Official Google Fonts open-source catalog: Yrsa,,
ysabeau,open_source,Official Google Fonts open-source catalog: Ysabeau,,
yuyu,open_source,Official Google Fonts open-source catalog: Yuyu,,
zain,open_source,Official Google Fonts open-source catalog: Zain,,
zeyada,open_source,Official Google Fonts open-source catalog: Zeyada,,
